Robert,Branch,Haines city,FL,33844,4074686162,rbranch@pacbell.net,65.215.76.5
Janny,Gaines,Augusta,GA,30904,7063065591,jannygaines@yahoo.com,152.85.91.83
deborah,yankosky,milford,in,46542,5746584567,dyankosky@hotmail.com,69.253.17.250
Harry,Wehrle,Mulberry grv,IL,62262,6188302788,harry.wehrle@myway.com,60.254.163.217
Sharon,Dorn,Felton,PA,17322,7175780948,sdorn@msn.com,208.71.183.227
Julie,Haiss,Waldorf,MD,20601,3016538341,jhaiss@msn.com,209.26.27.67
Jeffrey,Harrell,Malden,MA,2148,7815219544,jharrell54@verizon.net,69.20.116.35
Stephanie,Holland,Trussville,AL,35173,2056613123,ssholland55@yahoo.com,69.19.32.244
Stella,Knurowski,Lakewood,NJ,8701,7329057711,sknurowski@yahoo.com,192.91.190.92
Jerome,Hickcox,Janesville,WI,53545,6087525272,francoprussian@yahoo.com,216.110.41.221
Donald,Hayati,Wauseon,OH,43567,5138846862,dhayati@msn.com,138.236.85.227
robert,schutt,frankfort,il,60423,8473430628,robert.schutt@bellsouth.net,64.39.21.39
Tracey,Facto,Kissimmee,FL,34759,3522493146,tfacto@yahoo.com,208.184.221.121
earawanna,murates,canton,oh,44721,3305266764,emurates@excite.com,66.199.172.116
Sheree,Jackson,Roseville,MI,48066,3133048491,shereej@pacbell.net,65.189.241.130
Joseph,Burke,Brooklyn,NY,11221,5652415341,jo1se3ph@yahoo.com,66.96.37.102
Ernesto,Menchaca,Austin,TX,78750,5127502540,emenchaca@yahoo.com,152.183.61.0
Ian,Scholl,Florence,MT,59833,3215361082,ian.scholl@msn.com,209.122.16.58
Charles,Phelps,Detroit,MI,48204,3135908199,charles.phelps@msn.com,66.199.186.228
Rosanda,Kuylen,Houston,TX,77007,2813231080,rosanda_angel@yahoo.com,72.32.107.239
Stanley,Maltz,Margate city,NJ,8402,6096470243,stanley.maltz@netzero.net,194.246.96.212
Tracie,Simmons,Weirsdale,FL,32195,3528214230,swearengintas@yahoo.com,64.116.134.65
Eloy,Rivera,Orlando,FL,32824,4076907377,yaxzeleloy@yahoo.com,200.12.168.245
Erika,Mcculloch,Howell,NJ,7731,6093713134,ek62580@msn.com,192.203.152.102
rick,mcguiggan,osceola,wi,54020,6123098461,team_bootleggers@yahoo.com,200.12.225.192
Betty,Oster,Hyndman,PA,15545,8148429582,boster@yahoo.com,130.55.116.167
Marisol,Salgado,Woodbridge,VA,22192,7035010347,marisol.salgado@yahoo.com,212.63.186.74
karin,olsson,truckee,ca,96161,5304121997,kolsson@msn.com,216.255.101.58
Miriam,Adams,Elma,NY,14059,7164452004,miriam.adams@netzero.net,170.69.182.73
Magellan,Tate,Cntry clb hls,IL,60478,7087694970,magellan.tate@sbcglobal.net,205.205.16.155
Jill,Long,Columbus,OH,43217,6143070459,jill.long@yahoo.com,205.188.116.133
Karin,Galutzi,Tarentum,PA,15084,7245515486,fromatoz513@yahoo.com,63.171.234.200
Gregory,Childress,West wendover,NV,89883,4352242729,avalonchildress@yahoo.com,192.41.137.43
Kathy,Loos,New albany,OH,43054,6145621222,kloos@worldnet.att.net,12.177.111.205
Lorena,Lucketta,Strathmore,CA,93267,5593594415,llucketta@yahoo.com,17.175.143.187
monica,siliezar,norwalk,ct,6854,2034963197,zenkittie22@yahoo.com,192.104.42.192
David,Krawczyk,New bedford,MA,2745,5089617459,krzk10dvd@yahoo.com,206.182.148.98
nicholas,bergin,waterbury,ct,6708,2037575057,nbergin@ameritrade.com,140.254.33.26
Debbie,Sickenberger,Chicago,IL,60618,8479106582,debbie.sickenberger@msn.com,142.46.203.216
joyce,gurule,vancouver,wa,98684,3605974466,jgurule@netzero.net,216.15.244.75
Tyler,Valentin,Frisco,TX,75035,6468127790,daoriginaljackass@yahoo.com,212.63.187.161
Raquel,Coker,Florence,SC,29505,8432453996,raquelntripp@yahoo.com,72.32.104.41
Deanna,Whetzel,Marysville,OH,43040,9376449898,tony55swoman@yahoo.com,68.3.38.4
David,Livingstone,Macomb,IL,61455,3093682448,dlivingstone@netzero.net,173.28.156.29
Jerome,Hardin jr,Baltimore,MD,21214,4433888258,ebnjrm@netscape.net,192.159.87.43
Aida,Machuca,Westbury,NY,11590,5166951085,aida.machuca@yahoo.com,69.171.176.63
Kim,Troutman,Salisbury,NC,28146,7042235252,kim.troutman@yahoo.com,65.127.193.121
Edean,Murray,Storm lake,IA,50588,7122996723,edean.murray@yahoo.com,208.164.77.73
Teddi,Thorpe,Charleroi,PA,15022,7244690154,teddi15022@yahoo.com,65.200.103.26
Phil,Jenson,Chicago,IL,60618,7735836534,pjenson@netzero.net,192.147.154.59
Jeannette,Sasser,Hanford,CA,93230,5595845927,jsasser@yahoo.com,170.72.193.172
robert,burford,saint petersburg,fl,33713,7275256897,rburford@concentric.net,207.117.216.204
Daisy,Mcgee,Flint,MI,48505,8108135298,daisy.mcgee@yahoo.com,216.249.175.128
Tressies,Brown,Kansas city,MO,64132,8165233374,tressies_justoursize@yahoo.com,69.13.155.29
Rebekah,Flint,Greenville,SC,29605,8642365410,flint.rebekah@yahoo.com,198.51.111.177
Reynaldo,Blaza,Union,NJ,7083,9083190717,rblaza@yahoo.com,207.209.120.102
Karen,Kang,Fullerton,CA,92833,7147365828,kkang@unitibank.com,206.73.195.174
Lynette,Dunbar,Baldwin,ND,58521,7012504843,ldunbar@btinet.net,66.96.64.82
Christina,Merriam-crowe,Bennington,VT,5201,8023794694,christina.merriamcrowe@yahoo.com,64.38.229.68
Lynn,Hales,Salt lake cty,UT,84108,8017506980,lynn.hales@yahoo.com,206.105.48.13
Merrilee,Olson+axtell,Sebastopol,CA,95472,7078290707,merrilee@sonic.net,65.99.197.154
Laarne,Toledo,Chula vista,CA,91915,6192717652,laarnetoledo@yahoo.com,143.203.206.163
Penny,Fox,Newton,KS,67114,3166199672,fox.penny@yahoo.com,64.241.227.13
Beth,Pierce,Tucson,AZ,85713,5202720768,beth.pierce@sbcglobal.net,64.106.158.124
Melissa,Handler,Mercer island,WA,98040,4259857534,mhandler@verizon.net,216.16.18.193
Manuel,Ramirez,Phoenix,AZ,85029,6028615189,manuel.ramirez@netzero.net,64.26.181.3
delaina,melton,dublin,ga,31021,4786975423,dgmelton@bellsouth.net,192.189.158.109
Richard,Bannon,Crest hill,IL,60403,8154712419,rbannon@rcn.com,192.203.165.220
Todd,Vrzal,San jose,CA,95125,4082952880,tvrzal@msn.com,192.52.252.51
kierra,kennedy,indianapolis,in,46254,3174911552,kierrakennedy@att.net,209.93.79.23
ruth,corbett,medford,nj,8055,6099531695,ruthandlou@comcast.net,156.42.34.28
Richard,Santoyo,Maple park,IL,60151,8153533605,richard.santoyo@yahoo.com,63.165.176.233
Dona,Golden,Bellevue,WA,98006,4257857596,dona.golden@gmail.com,205.240.175.151
Edwin,Reynolds,White lake,MI,48386,2489103153,edwin.reynolds@yahoo.com,64.49.203.35
James,Mitchell,Pasadena,MD,21122,4103367988,jmitchell5087@cs.com,195.112.191.250
Maryjo,Ward,Pasco,WA,99301,5093027402,dan_mary6274@yahoo.com,89.202.124.72
Herbert,Lafont,Gray,LA,70359,9858599084,hlafont@netscape.net,64.155.253.29
Carina,Gomez,Chicago,IL,60629,7732130575,carina.gomez@yahoo.com,192.86.91.183
stephen,owens,eureka,ca,95503,7076012328,owens.stephen@yahoo.com,69.63.166.162
Wendy,Smith,Central square,NY,13036,3153746316,wsmith@gesonline.com,144.207.71.95
Donald,Holdener,San jose,CA,95132,4082422115,dholdener@yahoo.com,194.117.112.72
mathew,murdock,salt lake cty,ut,84102,8016872066,mathewm@yahoo.com,75.92.35.78
Jimmy,Hunt,Melbourne,FL,32934,3215014619,jhunt@wowway.com,66.207.93.126
david,stillings,winter spgs,fl,32708,4073422458,dstillings@optonline.net,216.34.231.219
John,Deackman,Darlington,WI,53530,6083347163,ddeackman@msn.com,167.89.143.160
Michelle,Mata,Lake forest,CA,92630,9496785565,michelle.mata@yahoo.com,195.112.173.152
Shaquana,Pressley,Bronx,NY,10456,3477263249,sugapearce@yahoo.com,76.187.95.11
chris,rivers,ceder park,tx,78630,5126367861,cool2river@yahoo.com,66.135.161.101
Kerbey,Stewart,Austin,TX,78759,5126331066,kerbey.stewart@yahoo.com,209.140.19.227
Frederick,Hoerrner,Glendale,NY,11385,7188478430,fhoerrner@yahoo.com,65.69.165.47
Dials,Optimusprime2g@yahoo.com,Cedar hill,TX,75104,9723585787,doptimusprimegyahoocom@peoplepc.com,207.209.108.210
william,riffey,pendleton,in,46064,7657787667,wriffey@yahoo.com,209.50.254.216
Todd,Hill,Bothell,WA,98011,2067784181,todd.hill@worldnet.att.net,82.206.130.14
Joseph,Herring,Columbus,OH,43224,6142680717,j.herring81@yahoo.com,65.68.137.155
Audrey,Henderson,Oxon hill,MD,20745,3016861165,hlechic@verizon.net,67.165.102.225
teresa,christenson,apple valley,mn,55124,9522502477,teresa.christenson@hotmail.com,216.236.207.92
min,zhang,philadelphia,pa,19136,4085991551,mzhang@gte.net,192.55.90.122
Jeanette,Norman,Decatur,AR,35603,2565093271,jeanette.norman@yahoo.com,144.125.84.178
Maria,Ramos,Athens,AL,35611,2565209339,mramos6@yahoo.com,69.13.97.120
Mike,Kersey,Crawfordsvlle,IN,47933,7657442401,mike.kersey@yahoo.com,72.32.131.46
Joe,Tulele,Hauula,HI,96717,8082237705,jtulele@yahoo.com,192.81.97.195
John,Kuttner,San antonio,TX,78238,2106843828,jkuttner@satx.rr.com,65.244.187.170
yekaterina,ten,berkeley,ca,94702,5106049850,yten@netzero.net,208.135.251.117
Stacy,Baker,Plymouth,NC,27962,9197412172,stacy.baker1@snet.net,204.188.65.60
briana,montano,broomfield,co,80021,3035145766,briana.montano@hotmail.com,213.200.122.156
Dongsheng,Bai,Los angeles,CA,90027,3236632085,baimay@yahoo.com,156.68.61.28
Chris,Burgess,Spencerport,NY,14559,5857271016,chris.burgess@netscape.net,192.150.66.57
Lauren,Quiocho,Bakersfield,CA,93304,6613456322,lauren.quiocho@yahoo.com,65.67.72.63
Nikki,Rebich,Marietta,GA,30068,4128775998,nrebich@yahoo.com,63.250.143.24
Gary,Johnson,Duxbury,MA,2332,3097649902,swedeman4u@yahoo.com,69.28.227.216
Wanda,Allie,Flat rock,MI,48134,7345785391,wandatoddalyx@yahoo.com,66.139.194.5
Hattie,Stenson,Knoxville,TN,37921,8655229739,hstenson@yahoo.com,65.39.174.141
mark,pokryfki,deale,md,20751,4108677716,mpokryfki@aol.com,216.237.253.75
Rosalie,Hardin,Jonesboro,AR,72404,8708975720,rosehardin@yahoo.com,138.192.166.177
Kathleen,Cannon,Long beach,NY,11561,5169656620,kathleen.cannon@yahoo.com,147.221.16.209
Lei,Apa,Pearl city,HI,96782,8085548144,lei.apa@worldnet.att.net,205.210.36.146
kevin,mone,bronx,ny,10471,7187966546,kmone@blackplanet.com,198.135.123.99
Rhonda,Debruyn,Davenport,IA,52807,5633208500,rdebruyn@msn.com,195.112.191.177
George,Shafer,Perrysburg,OH,43551,4195602329,george.shafer@yahoo.com,192.147.252.136
Douglas,Champ,Folsom,CA,95630,9169526302,dchamp@yahoo.com,66.137.223.166
Heidi,Hickman,san diego,ca,92123,8587156896,test1296231522383855414@test.com,74.62.164.133
Glenda,Lynch,Des moines,IA,50313,5157207578,glenda.lynch@yahoo.com,193.95.178.105
Rio,Connell,Trussville,AL,35173,2563352901,rio.connell@msn.com,65.39.210.189
Marlene,Fellwock,Omaha,NE,68106,4026592300,mfellwock@msn.com,70.90.226.189
kerin,pheabus,spokane,wa,99223,5094431749,kpheabus@netscape.net,206.103.81.186
Debra,Phillips,Kailua,HI,96734,8082655214,kanui4@yahoo.com,209.27.141.39
Wil,,Tallahassee,FL,32308,8505287231,wil.@yahoo.com,217.140.110.105
Marguerite,Marcell,Pontiac,MI,48341,2488810225,marguerite.marcell@netscape.net,209.8.237.143
George,Cox,Hamburg,PA,19526,6109600929,george.cox@netscape.net,192.73.57.13
Kimberly,King,Shoreline,WA,98133,2067909344,kimberly.king@tivejo.com,208.66.195.55
Lisa,Gaven,Brea,CA,92821,7142570850,lgaven@msn.com,65.39.193.137
Denise,Kilbourne,Port huron,MI,48060,8104590302,badluckjoe@charter.net,72.32.153.85
Patricia,Troutt,Stephenson,MI,49887,9067534481,ptroutt@msn.com,72.3.136.179
Richard,Sherwood,Yorba linda,CO,92887,7143255343,rsherwood@sprintpcs.com,192.103.13.194
Wilhelmaine,Hawks,Belhaven,NC,27810,2529432777,dainhawks@yahoo.com,209.104.135.161
Robert,Weninski,Islip,NY,11751,6312778959,rweninski1@yahoo.com,216.187.94.210
Arlene,Douge,Media,PA,19063,6107452936,adouge@yahoo.com,130.160.209.240
Jennifer,Herron,Redlands,CA,92374,9098944535,qballzprincess@yahoo.com,141.189.5.23
Annette,Emmons,Chattanooga,TN,37412,4236350285,annette.emmons@yahoo.com,212.63.184.226
omar,jabb,hollywood,fl,33024,9549874730,ojabb@yahoo.com,66.161.43.203
Douglas,Steponaitis,Berlin,CT,6037,8603242526,barbara.cesanek@worldnet.att.net,216.89.194.166
Regina,Delaney,North little rock,AR,72118,5015637453,regina.delaney@yahoo.com,196.27.29.147
John,Reyna,Hurst,TX,76053,8173687568,john.reyna@sbcglobal.net,72.198.78.189
Keith,Blackman,Brooklyn,NY,11225,3476809301,keith.blackman@msn.com,161.58.169.13
Scott,Griswold,Freeport,IL,61032,8157903751,scott.griswold@yahoo.com,98.191.123.98
Deno,King,Grandview,MO,64030,8166740781,denoreneaking@pacificwest.com,66.216.82.47
Robert,Ducharme,Lowell,MA,1850,9787909044,rducharme@yahoo.com,63.110.130.15
Virginia,Bridewell,Edmond,OK,73013,4053410979,vbridewell@yahoo.com,192.151.56.182
Luisa,Bordier,El paso,TX,79912,9158457094,lbordier@yahoo.com,155.200.126.158
Seangela,Collins,Chicago,IL,60608,3122267247,seangela.collins@netscape.net,209.204.9.47
Harriet,Agius,Glendale,AZ,85308,6024391399,hagius@netzero.net,192.135.236.210
Larry,Mash,Conway,AR,72032,5017333588,larrym@ole.com,192.101.25.87
Mercedes,Quick,Hickory,NC,28601,8284038800,tracy.starnes@mchsi.com,24.72.207.246
Jim,Cage,Bronx,NY,10472,6625231186,jimcage34@yahoo.com,63.103.130.121
Cary,Strickland,Cerro gordo,NC,28430,9106497691,cary.strickland@sbcglobal.net,216.7.42.137
Arnold,Lee,Chicago,IL,60657,7732555924,arnold.lee@yahoo.com,150.176.177.51
Toni,Waldron,Buchanan,VA,24066,5406300087,toni.waldron@sprintpcs.com,204.248.158.152
richard,brandle,millington,mi,48746,9898234156,bjosh71@yahoo.com,209.159.162.212
Mark,Herlong,Alexandria,VA,22312,5713342518,mherlong@gmail.com,63.210.62.28
Brian,Pernell,Louisburg,NC,27549,9196565761,brian.pernell@msn.com,141.123.181.195
Deanna,Yamasaki-ono,Aiea,HI,96701,8083473335,dyamasakiono@yahoo.com,192.195.99.162
Colleen,Peterson,Pleasanton,CA,94588,9255482252,badchick69163@yahoo.com,72.3.161.84
Anthony,Masulaitis,Rutherford,NJ,7070,2013701783,amasulaitis@sbcglobal.net,209.28.48.88
matt,westmoreland,temecula,ca,92591,9513332067,matt_westmoreland@hotmail.com,136.234.224.179
John,Peters,Centreville,VA,20120,5712164082,jpeters5108@yahoo.com,199.6.74.118
veronica,parry,campbell,oh,44405,3307551569,vparry@cs.com,65.223.64.193
Mike,Hollingsworth,Mokena,IL,60448,7084769686,mike.hollingsworth@netscape.net,195.112.189.29
amanda,marrone,rustburg,va,24588,6083702002,amanda.marrone@aol.com,192.188.126.83
Diane,Robinson,Allentown,PA,18102,4842746672,slappy02@optonline.net,71.239.23.83
Minnie,Hennemuth,Oakdale,PA,15071,7244480286,mhennemuth@worldnet.att.net,192.163.0.93
Ernest,Brewer,Jacksonville,FL,32247,9043989819,idaentprs@usa.net,139.171.253.155
Ashley,Vroman,Weedsport,NY,13166,3154068782,amariev@yahoo.com,64.117.129.199
Rosemary,Cristafaro,Dania,FL,33004,9545626213,rcristafaro@worldnet.att.net,66.163.47.47
Gary,Scaman,Pueblo,CO,81001,7195426872,chevy_vega2@yahoo.com,192.58.20.192
Jesse,Bodin,Quaker hill,CT,6375,8604447555,jbodin@pacbell.net,192.91.252.73
Melissa,Romano,Orlando,FL,32825,4077675600,mromano@hotmail.com,64.69.75.11
lydia,look,alameda,ca,94502,5105215665,llook@bellsouth.net,208.68.232.125
Jose,Villalobos,La salle,CO,80645,9704203482,jose.villalobos@rcn.com,194.117.101.139
Louise,Reed,Salinas,CA,93905,8318012352,lreed@qwest.net,64.34.237.112
Frank,Steele,Yakima,WA,98903,5099522290,frank.steele@nc.rr.com,208.66.56.9
Tina,Tryon,Millville,NJ,8332,9563056054,tinat333@yahoo.com,69.90.208.246
Anointed h,Lucas,Edgewood,MD,21040,4432779224,anointedh.lucas@rocketmail.com,212.63.189.173
Angela,Mclevain,Henderson,KY,42420,2708310753,amclevain@yahoo.com,152.29.251.73
mike,tiner,austin,tx,78759,5122490991,mtiner@netzero.net,204.184.37.64
Peedie,Gunz,Newport news,VA,23605,7572362333,pgunz@yahoo.com,194.117.101.5
Lannie,Randall,Camden,NY,13316,3152451938,bugandbug.com@netzero.net,194.117.101.108
William,Copeland,Lake city,FL,32024,3869353725,wcopeland@yahoo.com,192.150.83.28
Robin,Close,Burlingame,CA,94010,4152975775,robin.close@yahoo.com,66.165.169.215
Carla,Martin,New laguna,NM,87038,5052613075,carlam6@yahoo.com,207.209.38.37
frances,busenitz,madison,ga,30650,7063420878,fbusenitz@aol.com,216.198.243.142
Deborah,Stout,W alexander,PA,15376,7245542934,stout@verizon.net,72.26.208.49
Margaret,Dambrosio,Brooklyn,NY,11214,9173704321,mdambrosio@worldnet.att.net,63.245.40.5
julie,gawlik,andover,ma,1810,9788730941,julie.gawlik@hotmail.com,168.125.93.149
Jennifer,Grundstad,Chesterfield,MO,63005,6365410394,jgrundstad@yahoo.com,72.32.169.160
Beverly,Green,Jackson,MS,39209,6019468576,beverlygreen@netzero.net,192.146.52.93
Barry,Mccoy,Columbus,OH,43227,6147465013,barry.mccoy@sbcglobal.net,198.104.25.252
Lavatta,James,Akron,OH,44306,3309579844,ljane@neo.rr.com,216.198.94.54
Vankir,Scott,Zion,IL,60099,8479120509,vankirs@snet.net,216.198.217.26
Lymari,Flores,Lowell,MA,1850,9783239685,lymari_flores@yahoo.com,192.104.165.211
Don,Harr,Twin falls,ID,83301,2086700434,backhomein1@yahoo.com,173.171.51.168
Paul,Kelley,Florissant,MO,63031,3148394055,paulkelley1@msn.com,208.251.146.185
David,Mcmichael,Jonesboro,GA,30236,7706307035,david.mcmichael@yahoo.com,206.73.222.88
James,Pool,Fayetteville,AR,72701,4794423818,jdp122784@yahoo.com,216.21.123.1
Magdalena,Yunque,Brooklyn,NY,11219,6096889772,myunque@yahoo.com,192.150.212.50
Lauren,Kelley,Albuquerque,NM,87102,5059073626,lolli_k@msn.com,216.234.246.161
joann,laudando,port richey,fl,34668,7278639662,jlaudando@aol.com,12.22.11.95
Markeivi,Hardins,Augusta,GA,30904,7068145824,mhardins@yahoo.com,65.39.220.45
april,worley,high point,nc,27265,9103094641,aworley420@yahoo.com,216.187.107.13
Ryan,Dorotinsky,San jose,CA,95126,5107605310,dorotin_sky@yahoo.com,24.168.253.40
karyn,reniere,santa maria,ca,,8059342287,freckledgirl106@hotmail.com,65.68.188.239
Kaleb,Hoosier,Broken arrow,OK,74014,9183782641,kaleb_hoosier@yahoo.com,207.3.113.232
Vanessa,Hudgins,Flat rock,AR,35966,2566050583,vanessa.hudgins@yahoo.com,216.139.159.230
adrianna,viola,south park,pa,15129,7243968526,adrianna.viola@yahoo.com,64.37.114.150
pam,webb,twin falls,id,83301,3187173518,pam@conoco.com,65.247.199.46
George,Ordonez,Arundel,ME,4046,2075904290,george.ordonez@yahoo.com,81.31.203.20
Andrew,Kempf,Granger,IN,46530,5745146160,ssgogetaoozaru@yahoo.com,64.224.125.120
Corina,Dominguez,Seguin,TX,78155,8303723788,crn_dmngz@yahoo.com,195.112.184.24
Hjghgh,Ghghkhk,Chicago,IL,60618,6565455454,c.liebelt@yahoo.com,192.156.201.47
john,herbst,salt lake city,ut,84115,8015773414,john.herbst@hotmail.com,134.32.10.127
Maurice,Owings,Laurens,SC,29360,8644495169,maurice.owings@msn.com,209.88.246.185
Karen,Gardner,Billings,MT,59102,4067492436,jkeierleber@pacbell.net,192.159.104.253
robert,loeliger,kent,wa,98032,2068701939,rloeliger@hotmail.com,137.45.62.236
Miguel,Rodden,Glendale heights,IL,60139,6303070580,mrodden@sprintpcs.com,168.251.105.229
Michael,Bodrazic,Worth,IL,60482,7087698662,sweetlittleangel1@msn.com,192.160.38.82
C,Brocksmith,Glasgow,MT,59230,4068682096,cbrocksmith@yahoo.com,12.153.47.0
Corey,Gillie,Baltimore,MD,21205,4105222374,cgillie@msn.com,64.124.168.1
Tim,Lennis,Westland,MI,48185,7343382882,tlennis@yahoo.com,64.5.10.94
Peter,Scheffler,N barrington,IL,60010,8473020901,pschefftat@aol.com,130.178.102.168
Deborah,Maldonado,Orlando,FL,32809,4075387593,deborah.maldonado@netscape.net,192.73.228.171
kim,wood,elkhart,in,46517,5742150872,tsfoods4u@yahoo.com,69.28.220.190
robert,crehan,quincy,ma,2170,6176971383,rcrehan@aol.com,72.32.23.23
Dickey,Works,White hall,AR,71602,8702479229,dworks@rocketmail.com,161.135.162.207
Nicholas,Russell,Tulare,CA,93274,5593009525,nicholas.russell@nc.rr.com,208.131.117.75
Robert,Hartenstein,River edge,NJ,7661,2015190184,robert.hartenstein@netzero.net,195.112.191.69
Curia,Morris,Washington,DC,20010,2023741508,curia.morris@netscape.net,216.7.166.79
james,belser,bitely,mi,49309,2318384662,jbelser@aol.com,69.28.215.219
Norman,Lipscomb,Fort worth,TX,76108,8177296399,nlipscomb@yahoo.com,193.138.72.204
Paula,Taylor,Canton,IL,61520,3096474722,tay5699@yahoo.com,212.197.206.146
Jonthan,Gangale,Sonoma,CA,95476,7079331514,thajonnyg@yahoo.com,192.76.229.185
Cheryl,Guyer,Oakland,CA,94619,5109180564,cheryl.guyer@yahoo.com,198.147.34.237
ron,martin,grand ronde,or,97347,5035076722,ron_martin1974@yahoo.com,139.185.154.50
Kerem,Ben,Keene,NH,3431,6038272991,vdvrdwltm2329@yahoo.com,71.195.114.17
Qianna,Jones,Canton,OH,44703,3304598451,qibabi83@yahoo.com,192.152.37.117
patricia,bradley,new haven,ct,6515,3143857205,eastcoast1961@hotmail.com,64.34.153.14
Jennifer,Talmage,Erin,NY,14838,6072071224,jlynntal@yahoo.com,80.255.59.18
Ana,Manibog,Westland,MI,48186,7342501319,manibog9@yahoo.com,204.8.81.57
Jude,Ripley,Dearborn,MI,48128,3135621990,jar1848@yahoo.com,192.136.5.60
Marlene,Bonsell,Lebanon,ME,4027,2073399598,mbonsell@myway.com,157.141.84.235
Jessica,Ramirez,Buffalo,TX,75831,9033889811,jessicar@nycap.rr.com,66.18.120.230
Mike,Malone,Decatur,IL,62526,2178410266,mike.malone@yahoo.com,134.23.33.51
Phil,Taylor,Chesapeake,VA,23322,7575478862,carovabeach@msn.com,66.100.9.2
David,Podnieks,Allentown,PA,18104,6104392157,dpodnieks@yahoo.com,66.230.185.201
Saeed,Abbas,Tracy,CA,95376,2096292832,avatarx@pacbell.net,63.163.225.239
Gordon,Larrysappington@yahoo.com,Cleveland,MS,38732,6627191960,glarrysappingtonyahoocom@netscape.net,137.57.237.212
Catha,Hebert,Bryan,TX,77801,9792049930,chebert@snet.net,206.73.12.196
kirk,murakami,kaneohe,hi,96744,8082351664,kmurakami@webtv.net,158.244.152.108
abigail,aldridge,rainelle,wv,25962,4234006879,norma1781@verizon.net,194.117.107.78
Eiton,Weiss,Lakewood,NJ,8701,7323971887,eiton.weiss@yahoo.com,162.128.252.29
Ross,Caliguri,Bridgehampton,NY,11932,6315370909,rrc1049@yahoo.com,63.143.73.105
reed,dillon,lawrence,ks,66049,7858196015,foolio1987@aol.com,216.118.239.113
Erin,Thrash,Grants pass,OR,97526,5414762134,mommy_thrash@yahoo.com,64.254.130.19
aaron,weatherford,austin,tx,78741,5127364438,aweatherford@hotmail.com,192.149.18.18
J,Shallal,New york,NY,10075,9175395095,j.shallal@yahoo.com,136.171.123.173
jose,cisneros,riverside,ca,92507,9518973844,jose.cisneros@caramail.com,65.39.194.98
Randy,Matson,Jasper,AZ,35504,2054711075,krazykajun232003@yahoo.com,192.135.67.219
Latanya,Scott,Natchez,MS,39120,6017202458,latanya.scott@netscape.net,63.101.17.61
Thomas,Kearney,Cumberland,RI,2864,4012253453,tkearney@windstream.net,66.159.204.61
Joanne,Magowan,Cherry hill,NJ,8002,8564288788,jmagowan@yahoo.com,198.73.239.244
Jeff,Ting,Mercer island,WA,98040,2069153343,jeff.ting@yahoo.com,206.191.18.69
michelle,smith,yorba linda,ca,92886,7149281847,hcolover08@yahoo.com,192.68.185.148
Jesahble,Martinez,Hagerman,NM,88232,5057520039,jesahble.martinez@hotmail.com,205.136.239.121
Virginia,Shinkle,Cincinnati,OH,45230,5136781558,vshinkle@yahoo.com,62.72.63.155
Alexandrea,Davis,Lincoln,IL,62656,2177353912,alexandrea.davis@yahoo.com,64.85.32.155
Theodore,Jones,Upper marlboro,MD,20772,2024973123,big_teddy50@yahoo.com,163.129.227.41
Justin,Perry,Phoenix,CA,85044,4802338238,justin.perry@sprintpcs.com,213.86.233.224
Joyelle,White,Houston,TX,77071,8328682839,joyellewhite@yahoo.com,66.160.210.151
Lagina,Bush,Savannah,GA,31404,9123544649,lagina_bush@yahoo.com,208.184.27.113
kimberly,refior,valparaiso,ne,68065,5405993712,kimberkatt2000@hotmail.com,192.227.89.68
Heather,Hruby,Bethel park,PA,15102,4128312150,heatherhruby@yahoo.com,207.254.20.25
Michael,Johannessen,Timberlake,NC,27583,9196696935,michaellbm2002@yahoo.com,206.182.191.254
walter,schlessel,palm beach,fl,33480,5615333684,wallywoods@luxsci.net,192.54.226.47
james,shelton,oak creek,wi,53154,4143645960,jshelton1@wi.rr.com,192.131.106.200
Shirley,Johnson,Houston,TX,77045,7134138421,bignette_2000_99@yahoo.com,63.72.222.218
dominick,aloisio,penfield,ny,14526,5855867626,daloisio@swbell.net,156.107.16.170
Chris,Tolson,Chesapeake,VA,23325,7575027229,ericbell1@yahoo.com,192.88.192.181
Bobby,Hampton,Saint clair,MO,63077,6365784743,bhampton@uswest.net,204.144.255.107
Casey,Barker,Round Rock,TX,78664,5126328673,casey.barker@aol.com,161.133.207.78
Chris,Stanton,Christiansted,VI,820,3405148403,cstanton@worldnet.att.net,196.1.73.156
Allen,Collins,Las vegas,NV,89115,7026440583,acollins@uswest.net,67.224.234.42
Ted,West,Mesa,AZ,85210,6026881186,ted.west@pacbell.net,65.113.204.129
Katherine,Calero,Brooklyn,NY,11232,3473696690,omyties@yahoo.com,199.56.76.113
Terrell,Davies,Pittsfield,MA,1201,4134649667,rell550@yahoo.com,170.171.29.15
Izmane,Jean-louis,Gainesville,FL,32607,9542245832,izmane.jeanlouis@sbcglobal.net,192.91.235.7
Donita,Whorley,Washington,FL,20011,2027221677,queend_05@yahoo.com,69.46.86.8
Sande,Grimes,Anchorage,AK,99503,9077277406,mysticintraining@yahoo.com,205.248.212.141
Aaron,Amos,Anaheim,CA,92804,7143810157,aamos45@yahoo.com,63.235.176.142
mary,whaley,pocatello,id,83201,2082370187,whaley@srv.net,131.201.23.239
Leslie,Lyon,Indianapolis,IN,46229,3178975821,llyon@yahoo.com,66.178.80.56
Ashley,Russell,Franklin,TN,37067,6153945335,arussell@myway.com,141.102.103.174
crystal,andrews,freeport,tx,77541,9794175285,gandd1@comcast.net,206.73.16.58
baker,campbell,baltimore,md,21210,4436764996,baker.campbell@att.net,141.112.138.91
Ralph,Alvey,Louisville,KY,40220,5024998942,ralvey@yahoo.com,207.58.148.86
Albio,Suarez,West new york,NJ,7093,2014109817,albio.suarez@yahoo.com,192.135.43.202
willard,hanshew,zionsville,in,46077,5033675937,bambi.hooker@gte.net,158.48.75.161
Damian,Marquez,El paso,TX,79924,9157518236,blackspidermanrocks@yahoo.com,138.156.180.161
Jamie,Crooks,Ashland,OH,44805,4192810574,jamie.crooks@yahoo.com,67.15.46.221
Jose,Jardon,Blue island,IL,60406,7082899623,jjardon@msn.com,69.90.140.81
Miriam,Larici,Santa fe spgs,CA,90670,5629006985,miriam.larici@pacbell.net,69.166.24.31
Alvin,Bean,Grant township,MI,48032,8104447654,alvin.bean@yahoo.com,192.67.81.208
Zach,Josefik,Morrisdale,PA,16858,8143454565,bulldozer072@yahoo.com,207.3.112.91
alberta,goodfield,scranton,pa,18508,5709610620,agoodfield@att.net,195.112.191.157
Jyotindra,Gautam,Fremont,CA,94539,5103642845,jgautam@wmconnect.com,192.40.246.141
Carly,Wright,Omaha,NE,68124,4026999101,carly.wright@yahoo.com,63.251.61.70
dorothy,cortopassi,spring valley,ca,91977,6194791809,dcortopassi@webtv.net,204.8.199.64
hans,hirsbrunner,attleboro,ma,2703,5082229113,hhirsbrunner@yahoo.com,192.82.28.177
Marcy,Fortney,Pulaski,PA,16143,7249916990,marcy.fortney@worldnet.att.net,192.41.217.152
Albert,Wright,Kingsville,TX,78363,3614383190,albert.wright@altavista.com,207.218.189.254
Monique,Mandujano,Murrieta,CA,92562,9516778232,mmandujano@peoplepc.com,208.68.68.211
Deborah,Wilson,Portsmouth,OH,45662,7403524247,deborah.wilson@msn.com,208.89.208.111
Robert,Nowak,Arnold,MO,63010,6362886195,dcashion@swbell.net,130.114.126.001
blake,johnson,dothan,al,36301,3347944918,bamablake6008@yahoo.com,146.132.84.175
Michael,Mullens,Lexingtn park,MD,20653,3015808988,mlmullens@vsecorp.com,207.3.112.81
Scott,Kappes,Catasauqua,PA,18032,6105977858,skappes@yahoo.com,69.44.48.185
tom,pasquill,fresh meadows,ny,11365,7183573733,tpasquill@comcast.net,207.226.174.145
melissa,svindland,wilton,ct,6897,2037610486,msvindland@msn.com,67.86.254.102
herman,kaesemacher,aitkin,mn,56431,2188493143,hkaesemacher@bellsouth.net,69.13.69.249
Lawrence,Leblanc,Metairie,LA,70002,5042588853,john.mayer@rcn.com,212.190.225.42
Joyce,Taylor,Memphis,TN,38128,9016911596,joyce.taylor@tds.net,68.52.199.144
Cheyenne,Jacobsen,Rio vista,CA,94571,2088910675,cheyenne.jacobsen@netzero.net,72.53.161.198
barbara,fish,saratoga,ca,95070,4082185901,barbara.fish@yahoo.com,206.176.247.139
andrew,lindsay,brentwood,ca,94513,9257890372,jkeefe-esquivel@aol.com,165.219.162.221
Kevin,Coye,Grafton,ND,58237,7017416782,kcoye@yahoo.com,216.198.242.233
Othman,Serroukh,Philadelphia,PA,19136,2675751240,o_serroukh@yahoo.com,200.9.83.193
Bruce,Tinch,Arlington,TX,76010,8172714774,bruce.tinch@yahoo.com,209.217.94.234
Jeff,Boland,Paris,IL,61944,2174666795,cb_443@yahoo.com,66.201.90.249
Braulio,Alcoser,Miami,FL,33193,3054506998,balcoser@yahoo.com,198.204.184.119
Deondra,Bryant,Empire,AL,35063,2052189479,deondrabryant@yahoo.com,161.15.185.184
Erika,Shaw,Indianapolis,IN,46201,3176055339,erikalshaw1@aol.com,192.238.111.190
Tiffany,Brodie,Stafford,VA,22554,5405487896,njprncs02@yahoo.com,198.83.112.101
Troy,Misner,Bonifay,FL,32425,8503265649,troy.misner@yahoo.com,209.28.237.165
Jackeline,Vidal,Roselle,NJ,7203,9084030951,jackelinev@yahoo.com,72.51.46.82
Zubair,Abbasi,Aurora,IL,60503,6302296440,abbasiz3@yahoo.com,212.31.193.70
Ashanta,Scott,Saint louis,MO,63130,3145744818,ashanta.scott@netscape.net,72.32.130.204
Carlos,Arce,Hialeah,FL,33016,3054985911,carlos.arce@worldnet.att.net,195.112.172.186
Deanna,Flood,Murfreesboro,TN,37130,6158661826,dflood@verizon.net,192.132.254.207
Antoine,Houston,Sarasota,FL,34235,9413554579,deonhouston@verizon.net,154.4.170.162
Lacey,Lambert,Frederick,MD,21704,3016933834,lacey.lambert@msn.com,207.210.134.8
Gary,Bobb,Los angeles,CA,90210,5089653254,gary.bobb@msn.com,206.73.244.139
Audrey,Flores,Orlando,FL,32827,3212768397,fortuna_major02@yahoo.com,69.13.180.220
Samuel,Haye,Bluffton,SC,29910,8432986351,hayesamuel@yahoo.com,64.18.99.231
Russell,Vanantwerp,Rogers,AR,72756,4795444402,yodamstr420@yahoo.com,66.165.186.147
Rolena,Wilson,Philadelphia,PA,19142,3362509222,rolena.wilson@yahoo.com,198.62.91.139
Pete,Cano,Dallas,TX,75229,2144379533,joie_cano@yahoo.com,138.1.213.242
Emam,Mizo,Danville,CA,94526,9256483427,emam_548@yahoo.com,192.234.230.127
Tracey,Mitchelmore,League City,TX,77573,2813324707,tmitchelmore@pdgarchitects.com,63.146.18.112
Susana,Garcia,Addison,IL,60101,6302517864,sgarcia@ptd.net,199.244.130.76
Annie,Carden,Franklin,TN,37064,6156043825,acarden@yahoo.com,74.192.33.186
Christine,Buie,Gainesville,GA,30501,7702566541,gotchainsured@yahoo.com,69.13.129.169
Lynette,Greiner,Molalla,OR,97038,5039136684,lynette.greiner@netscape.net,192.94.19.108
Leah,Pierce,Ballwin,MO,63021,7194313869,leah.pierce@yahoo.com,204.18.112.14
Greg,Evans,Fremont,CA,94536,5108944241,us1012004@yahoo.com,209.197.117.93
brooke,grinvalsky,howell,nj,7731,7329050661,bgrinvalsky@gmail.com,66.181.52.146
Cindi,Laughlin,Wichita,KS,67216,3165162541,cindil8@yahoo.com,64.39.28.173
Pat,Madrigal,Antioch,CA,94509,9257838734,pat.madrigal@netscape.net,72.165.183.227
Daniel,Shupp,Toledo,OH,43614,6145074066,daniel.shupp@yahoo.com,207.209.184.194
Gary,Racine,Columbus,IN,47203,8124310658,gracine@yahoo.com,207.13.117.28
Vanamburgh,Daniel,Clifton park,NY,12065,5183834243,vdaniel@snet.net,62.209.47.213
richard,serracino,pueblo,co,81001,7194294475,rserracino@aol.com,216.128.187.53
Samuel,Dorsey,Aurora,IL,60506,6304507035,dorsey7372@yahoo.com,208.205.174.216
Jimmy,Morales,Las vegas,NV,89108,7025235003,jimmy.morales@yahoo.com,12.230.113.253
Jeff,Demet,Racine,WI,53405,2624882623,margarita_24@yahoo.com,67.168.161.236
Paula,Green,Gastonia,NC,28052,7044927702,paula.green@netzero.net,205.248.144.45
Esmeralda,Espinoza,Watsonville,CO,95076,8312540291,esmeraldae@worldnet.att.net,64.35.17.164
Jason,Waterhouse,Fulton,NY,13069,3154803022,jwaterhouse@netscape.net,63.174.224.67
Betsy,South,Brookings,SD,57006,6053663896,betsy.south@snet.net,63.160.98.139
Andrea,Creaturo,Vineland,NJ,8361,6095760445,andrea.creaturo@sprintpcs.com,66.153.39.125
Velma,Matthews,Pampa,TX,79065,8066704784,vmatthews@ole.com,64.86.160.167
Kyle,Dieringer,Saint marys,OH,45885,4193947339,kdieringer@yahoo.com,66.201.71.184
Kerry,Patterson,Lithonia,GA,30058,6783232388,kerrywpatterson@msn.com,76.241.115.90
darlene,foerster,levittown,pa,19056,2154865846,dfoerster@bellsouth.net,204.14.44.81
monty,hoyle,council bluffs,ia,51503,7123288506,mhoyle@peoplepc.com,192.30.101.155
Andrea,Jackson,Monrovia,CA,91016,6263536971,andrea.jackson@yahoo.com,207.226.182.6
Melinda,Palma,Casa grande,AZ,85222,5203169183,melindapalma@msn.com,63.135.41.37
Cara,Woods,Reynoldsburg,OH,43068,6145794266,cara.woods@yahoo.com,192.147.41.208
Homer,Pursell,Liberty,TN,37095,6154777115,hpursell@yahoo.com,195.112.185.51
Johnny,Alonzo,Middletown,NY,10940,8457753088,civernetico@msn.com,69.90.107.183
Claudia,Suchite,Addison,IL,60101,6304589627,csuchite@peoplepc.com,216.137.233.227
Brandie,Holper,Key largo,FL,33037,3053932112,weedeven@yahoo.com,66.165.104.206
arthur,brady,chicago,il,60628,7739951644,abrady@localnet.com,212.63.188.15
Carolyn,Anderson,Pinetops,NC,27864,4049445256,apowell39@peoplepc.com,65.39.171.49
marie l.,demeo,derry,nh,3038,6035401738,ldemeo_1@hotmail.com,209.79.88.47
Gary,Terrell,Granite city,IL,62040,6185214873,gterrell@netzero.net,98.234.67.31
Lori,Evans,Springfield,OR,97477,5419154455,lori.evans@netscape.net,69.90.99.128
Joseph,Marckini,Cedar springs,MI,49319,6164504826,joseph.marckini@hotmail.com,192.149.101.208
gertrude,hester,new bern,nc,28562,2526371615,gertrudeb@msn.com,66.216.88.132
Leonel,Romero,Saint paul,MN,55118,6517550306,leonel.romero@yahoo.com,192.188.67.84
tracy,lehn,port charlotte,fl,33948,9416278900,tracy@mhhotels.net,216.187.87.21
Lester,Escue,Rockville,IN,47872,7656353718,lestere@attbi.com,209.28.68.158
Edward,Polin,Orangeburg,SC,29115,8036342221,epolin@swbell.net,207.250.16.232
Kim,Briesmeister,Jacksonville,FL,32258,8105330141,kbriesmeister@sandar.com,198.86.198.228
Sally,Ganem,Quincy,MA,2171,6176990273,sally.ganem@yahoo.com,69.153.195.169
Jose,Arreola,Mcminnville,OR,97128,5415897854,jose.arreola4@yahoo.com,64.38.240.135
Sarah,Boatey,Bronx,NY,10469,6462392992,nanasebekk@yahoo.com,167.152.78.99
jodi,kasarda,syracuse,ny,13209,3154882699,jkasarda@aol.com,199.163.75.54
Stacy,Fekkers,Lodi,CA,95240,2093275564,csusstace23@yahoo.com,170.240.244.88
james,wentz,james creek,pa,16657,8142074486,james.wentz@aol.com,206.170.8.125
Brenda,Davidson,Dublin,OH,43017,6147608802,bldavidson@worldnet.att.net,192.92.167.3
Adalberto,Herrador,Tulsa,OK,74115,9187605837,adalberto.herrador@yahoo.com,69.13.137.219
Wendell,Hamlet,Tulsa,OK,74107,9187344866,whamlet@worldnet.att.net,192.207.92.155
linda,krutza,bowling green,ky,42101,2707823266,lkrutza@juno.com,134.82.239.126
Sylvia,Jones,Suitland,MD,20746,4149162104,chynabugaboo@yahoo.com,205.177.182.103
ira,spencer,new castle,de,19720,3025622664,ira.spencer@wmconnect.com,198.48.93.121
Tara,Smith,Layton,UT,84041,8018989793,tsmith2942@msn.com,167.124.98.142
Lillian,Arnett,Englewood,OH,45322,9374750602,lillian.arnett@verizon.net,67.42.233.84
Tom,Inman,Otis orchards,WA,99027,5099941056,tom.inman@yahoo.com,209.61.149.7
Christina,Chiri,Shreveport,LA,71115,3187984303,cchiri@netzero.net,204.80.242.117
Rhonda,Higgins,Clarksville,IN,47129,5029052369,rhonda.higgins@rochester.rr.com,69.13.155.164
Jason,Nose,Georgetown,IL,61846,2176622712,nosejason@yahoo.com,192.160.158.96
john,pilling,hopedale,ma,1747,5084781906,jpilling@yahoo.com,192.31.35.28
sandhya,chiluveru,lawrenceville,ga,30044,7702798422,schiluveru@gmail.com,69.146.71.196
Elizabeth,Abernathy,Greenville,SC,29617,6155567686,elizabeth.abernathy@netzero.net,192.103.1.135
desion,brown,paterson,nj,7504,9733333474,dezuse@hotmail.com,192.122.235.13
Elizabeth,Cook,Waxahachie,TX,75165,4693372289,dizzylizzy82881@msn.com,69.20.64.223
Roger,Paxton,Gulf hammock,FL,32639,3526031987,rpaxton@tampabay.rr.com,66.14.193.111
Derek,Wolfe,Floyds knobs,IN,47119,8129238512,dwolfe4431@sbcglobal.net,206.139.190.86
Chris,Kaminski,Swarthmore,PA,19081,2672500194,ckaminski@peoplepc.com,64.69.81.6
David,Biagi,Willow grove,PA,19090,2157714481,david.biagi@yahoo.com,192.69.11.116
kevin,creter,randolph,nj,7869,9738953534,kcreter@myway.com,99.17.29.118
Jeffrey,Tisland,Saint paul,MN,55107,6512318481,tizzyland@netscape.com,192.136.32.43
burks,tanesha,detroit,mi,48219,2487900210,btanesha@localnet.com,209.93.46.211
Harry,Evans,Metairie,LA,70003,5043387481,harry.evans@worldnet.att.net,72.29.14.170
Shelley,Durham,Lawrenceburg,TN,38464,9315812812,shelley.durham@hotmail.com,76.179.117.185
michael,cosser,vero beach,fl,32962,7723597377,brendinac@aol.com,208.99.222.9
Adam,Bergland,Omaha,NE,68106,4022761831,adam.bergland@swbell.net,192.83.236.143
Margaret,Dawson,Niederwald,TX,78640,5129230165,margaretd@msn.com,66.181.36.176
John,Verardi,Hampstead,NC,28443,9102644730,jverardi@yahoo.com,24.75.150.142
ingeborg,miller,billings,mt,59102,4067888095,ingeborg.miller@alltel.net,12.160.2.183
Kristen,Martinez,Albuquerque,NM,87112,5052472367,kmartinez1795@yahoo.com,65.170.204.229
Julius,Thomas,Talladega,AL,35160,2055337792,julius.thomas@yahoo.com,209.93.65.218
Grace,Ferris,Springfield,OH,45504,9375291592,ferrisvw@yahoo.com,194.117.97.141
anthony,pontillo,lake villa,il,60046,8473561644,apontillo@gmail.com,207.200.167.158
Gladys,Pi,Sunny isles beach,FL,33160,3057751747,gpi@yahoo.com,213.254.229.57
Raymond,Vogel,Jefferson,WI,53549,9204507877,raymond.vogel@worldnet.att.net,141.254.210.251
Alberto,Andrial,Cooper city,FL,33328,3055464591,aandrial@optonline.net,72.32.151.212
Christin,Pease,Griffith,IN,46319,2193085074,desideepi1@sbcglobal.net,66.111.36.115
francis,courtenay,mandeville,la,70471,9856748801,fcourtenay@yahoo.com,69.28.215.213
Jose,Gonzalez,Pacoima,CA,91331,8188973261,puppetdga@yahoo.com,192.160.203.242
Don,Scott,Canal winchester,OH,43110,6143955216,don.scott@yahoo.com,192.135.115.130
mike,barrera,laredo,tx,78041,9562203352,mike.barrera@bellsouth.net,147.185.13.91
John,Schwartz,Bradenton,FL,34207,9417278381,john_s34205@yahoo.com,192.108.231.188
Brian,Rosengren,Eden prairie,MN,55346,6128030660,brosengren@wmconnect.com,192.33.244.254
Christopher,Hardin,Lumberton,NC,28358,9107839266,christopherh@lycosmail.com,146.132.212.29
rosetta,carrier,clarkston,mi,48346,2487785730,rcarrier01@comcast.net,64.34.240.229
felipe,quintas,madera,ca,93637,5596740318,fquintas@aol.com,192.91.13.131
Darren,Barrow,Little rock,AZ,72202,5013983051,dbarrow@worldnet.att.net,216.72.74.220
Daniel,Liukkonen,Auburn,WA,98001,2536534977,dannodl@yahoo.com,157.135.183.90
Angie,Scott,Stockton,CA,95219,2096295052,angie.scott@uswest.net,12.196.54.106
Sener,Yiacoup,Newburgh,NY,12550,8455619069,syiacoup@msn.com,206.73.103.79
mirela,filip,chicago,il,60612,3127381296,mfilip@cox.net,192.158.245.200
Angelo,Dieli,Santa rosa,CA,95409,7076961400,angelo.dieli@yahoo.com,158.114.30.183
Sonia,Corral,Hanover park,IL,60133,6305494969,s00n11a@yahoo.com,130.101.80.82
Jared,Washington,Tinley park,IL,60487,7085324795,jared.washington@yahoo.com,204.11.147.253
Robert,Serritella,Los angeles,CA,90068,3233534942,rserritella@peoplepc.com,63.175.159.94
Carolyn,Owens,Woodbridge,VA,22193,2022517583,carolyn.owens@optonline.net,204.11.250.212
allison,zeller,ballwin,mo,63021,3146237709,zeller337@missouristate.edu,24.74.241.75
delia,avendano,pico rivera,ca,90660,5626928292,davendano@worldnet.att.net,156.68.237.159
Clarence,Fox,Saint louis,MO,63110,3143087261,cfox10@yahoo.com,216.251.217.188
Ray,Zuinga,Deer park,TX,77536,2814780229,rzuinga@msn.com,216.124.233.144
Sue,Alberts,Amarillo,TX,79107,8063728031,salberts@sbcglobal.net,68.61.148.183
Anthony,White,Rockville,MD,20852,3014680335,atosmann@verizon.net,216.15.242.128
Kris,Marshall,Orrville,OH,44667,3306830029,kgiggles@webtv.com,207.209.56.157
Kellie,O connor,Pasadena,MD,21122,4104375433,kellie.oconnor@yahoo.com,208.239.1.92
Dale,Ullman,Parkersburg,WV,26104,3044828117,dullman@aol.com,207.58.143.240
maria,cruz,cincinnati,oh,45240,5136741138,mariaculvert@yahoo.com,66.199.161.40
amy,greenawalt,naperville,il,60540,6304168572,agreenawalt@att.net,24.219.118.57
william,schafer,columbus,oh,43228,6148325095,wschafer@gmail.com,72.32.35.60
james,vandyke,green bay,wi,54311,9204121061,james.vandyke@sprintpcs.com,216.146.188.238
ronald,deloye,russia,oh,45363,9376098519,rdeloye@netzero.net,95.146.248.43
Mike,Diaz,Newark,OH,43055,7403648959,miked@myway.com,72.32.150.128
benjamin,shelton,tulsa,ok,74115,9188313760,showstopper257@yahoo.com,152.138.108.28
Rosa,Sheets,Lubbock,TX,79424,8067421997,rosasheets@yahoo.com,69.90.85.87
maudie,gallent,deville,la,71328,3184494567,craftygirl08@gmail.com,163.154.95.232
lisa,mcdonough,lynnfield,ma,1940,7813346353,lmcdonough@juno.com,192.189.31.104
Debbie,Bergman,Hudson,WI,54016,6127900572,debbie.bergman@yahoo.com,216.187.87.5
Steven,Kawamoto,Lebanon,OH,45036,5139341918,skawamoto@yahoo.com,194.117.101.21
Laquinta,Johnson,Timpson,TX,75975,9365726877,lapooh_06chick@yahoo.com,63.171.133.96
laura,pickard,birmingham,al,35229,6016932133,lkp5586@bellsouth.net,84.11.53.228
kathy,chesney,midway,ar,72651,8704816430,kchesney@angelfire.com,151.104.93.200
Melany,Newkirk,Albion,IL,62806,6184453037,mnewk73@yahoo.com,134.112.193.38
rosalina,zanfardino,ocala,fl,34476,3528547142,rzanfardino@yahoo.com,204.231.51.53
Marilyn,Brandenburg,Bainbridge is,WA,98110,4259314636,mbrandenburg@sprintpcs.com,192.231.143.231
Trisha,Vastag,Fargo,ND,58103,7015410800,tvastag@yahoo.com,192.43.240.192
Kent,Rudolph,Marrero,LA,70072,5046106028,kent.rudolph@yahoo.com,194.117.107.78
Amal,Kabil,Crown point,IN,46307,2197651159,babygirlnj24@yahoo.com,147.97.221.119
Gerardo,Sierra,Union city,NJ,7087,2017763195,gerardo.sierra@netzero.net,65.39.143.175
Darlitha,Perkins,Chicago,IL,60628,7739796666,darlitha.perkins@yahoo.com,69.90.17.87
Yowr,Momma,Toms river,NJ,8753,7323411131,amofreak1@yahoo.com,144.5.127.231
Iyfield,Claxton,North wales,PA,19454,2154214330,iyfieldc@yahoo.com,192.65.244.64
Alice sue,Jorn,Manila,AR,72442,8705611044,suzij15@yahoo.com,148.85.111.219
barbara,lakso,cottage grove,mn,55016,6512613989,blakso@blackplanet.com,65.5.111.100
Deborah,Housand,Jacksonville,FL,32205,9045099702,pepperboy@netzero.com,76.109.240.80
janice,lindell,round rock,tx,78681,5128457301,janice.lindell@hotmail.com,161.156.245.94
Lisa,Wells,Des plaines,IL,60016,8474013210,harmony569@yahoo.com,151.119.53.47
Demarcus,Williams,Burnsville,MN,55337,9522619766,demar213@yahoo.com,192.41.207.108
Elizabeth,Urbina,Las vegas,NV,89109,7023511174,liznkari@yahoo.com,168.166.17.189
albeth,Albanese,Cliffside pk,NJ,7010,2012131374,aa@pacbell.net,194.133.54.48
Helen,Liwanag,Stockton,CA,95209,2099523579,hliwanag@msn.com,149.154.177.204
robert,loun,frederick,md,21703,3013715797,rloun@earthlink.net,72.189.157.83
Phillip,Verver,Phoenix,AZ,85021,6025952028,pverver@yahoo.com,99.97.162.158
Richard,Haug,Rockford,IL,61101,8159734725,richard.haug@netscape.net,192.161.7.5
Ben,Shaw,Fouke,AR,71837,5017493979,ben.shaw@yahoo.com,69.171.161.159
beixia,jiang,walnut,ca,91789,9095988137,bjiang@ev.net,192.77.19.88
Andrea,Parks,Bayshore gardens,FL,34207,9417521595,cmpabpage1@verizon.net,64.47.125.92
Garnet,Olson-miller,Chula vista,CA,91913,6191271678,cececlik@yahoo.com,144.89.190.239
Tanya,Medley,Philadelphai,PA,19143,2159714130,flitni@yahoo.com,69.90.72.26
Jess,Wheelock,Kelley,IA,50134,5633492319,jwheelock@netzero.net,208.1.107.246
Eligia,Wynn,Fredericksburg,VA,22407,5402200973,eligiawynn@yahoo.com,155.188.91.216
Laura,Battista,Hubbardston,MA,1452,9784243432,laura.battista@netscape.net,66.199.160.205
Timothy,Cole,Fort wayne,IN,46816,2604504055,timothy.cole@netzero.net,76.208.151.206
Henry,Kaufman,Winnebago,IL,61088,8159781065,henry.kaufman@yahoo.com,192.12.173.17
Onnio,Tan,Loma linda,CA,92354,8182887667,clariska1@yahoo.com,66.69.198.130
howard,watanabe,kaneohe,hi,96744,8082470128,hwatanabe@verizon.net,209.200.167.30
Me,You,Houston,TX,77045,2184732635,kmc1499@yahoo.com,209.28.44.245
Gail,Daher,Englewood,CO,80111,7202847581,msada11@msn.com,69.13.181.137
Jeffrey,Driscoll,Middleton,WI,53562,6084364221,jdriscoll@verizon.net,209.77.90.53
John,Jordan,Aurora,IL,60506,6305465291,john.jordan@netscape.net,194.133.74.220
Travis,Lee,Sioux falls,SD,57104,6056800987,travis.lee@worldnet.att.net,193.95.178.109
Mark,Mathis,Bloomfield,DC,6002,8602350582,bai517@yahoo.com,144.195.135.189
Sherieka,Ellis,Staten island,NY,10303,7184482327,sherkitty14@yahoo.com,66.187.85.214
Jennifer,Jones,Flint,MI,48506,8105150505,jen4278@yahoo.com,192.152.53.117
Donna,Bodnarchuk,Rocklin,CA,95765,9162014137,dbodnarchuk@yahoo.com,192.147.35.153
Jody,Bates,Loganville,GA,30052,7705972407,jody.bates@netzero.net,12.162.31.20
David,Bode,Wilmette,IL,60091,8478409570,david.bode@yahoo.com,155.208.67.224
Caroline,Hachem,Auburn,AL,36830,3344442219,chachem@msn.com,207.69.137.26
Michelle,Smith,Bronx,NY,10472,3478514340,michelle.smith@ptd.net,61.14.18.174
Nathan,Yoshimura,Ewa beach,HI,96706,8085519292,nathan.yoshimura@msn.com,204.79.180.237
Marie,Halstead,Chesapeake,VA,23322,7576204923,mhalstead@covad.net,198.202.14.244
Franklin,Willard,Geneva,IL,60134,6302543888,fwillard@qwest.net,69.13.75.229
William,George,Darien,CT,6820,9172096291,williamg@rocketmail.com,216.65.81.43
Amanda,Bodine,Fresno,CA,93726,5592986012,larie1996@yahoo.com,216.239.255.189
Bob,Sykes,Riverside,CA,92505,9092617721,bob.sykes@yahoo.com,216.90.242.217
Jane,Sanderson,Madison,WI,53716,6083586420,jsanderson@optonline.net,209.93.34.60
Benita,Johnson,Philadelphia,PA,19128,2158803421,benita.johnson@yahoo.com,216.130.214.25
Amanda,Hash,Fresno,CA,93726,5592302077,jhash@pacbell.net,192.64.203.76
Tuong,Han,Falls church,VA,22042,7039448141,tuongh@worldnet.att.net,198.161.80.81
Kenny,Burrows,New york,NY,10034,9172930775,kenny.burrows@yahoo.com,64.39.24.44
Jessica,Henline,Rosedale,IN,47874,8327212728,jhenline@yahoo.com,63.160.118.125
Christian,Peachey,Noblesville,IN,46060,3179845337,cpeachey@yahoo.com,12.152.229.117
sherry,panzer,columbia,md,21044,3015809401,spanzer@hotmail.com,192.82.148.46
Rob,Savin,Northbrook,IL,60062,6188067600,rob.savin@yahoo.com,200.30.31.27
Harold,Schmidt,Huntington beach,CA,92646,7146428031,harold.schmidt@optonline.net,216.189.249.60
Gerardo,Rotonda rojas,Los angeles,CA,90007,2133696535,aafoch2000@yahoo.fr,192.67.229.182
Dennis,Schwartz,Anchorage,MN,61223,6122372833,dennis.schwartz@worldnet.att.net,24.167.96.249
Rebecca,Jordan,Richmond,IN,47374,7656217462,rebecca.jordan@yahoo.com,64.77.39.182
Mary,Althaus,Sidney,OH,45365,9376133362,mary.althaus@msn.com,206.162.42.78
Victor,Yucute,Los angeles,CA,90047,3234281084,vyucute@netzero.net,157.202.62.7
Jamae,Fulton,Oklahoma city,OK,73120,4056413080,jamae.fulton@yahoo.com,140.145.57.204
Ed,Caraballo,Newark,NJ,7108,9736390089,eddyed73@yahoo.com,69.73.44.3
Kira,Ross,Las vegas,NV,89147,7022969279,kira.ross@peoplepc.com,161.251.225.184
Moises,Olasaba,Fort worth,TX,76106,8176838128,molasaba@yahoo.com,192.35.60.131
Andrew,Parker,Seguin,TX,78155,8305601887,andyp0007@yahoo.com,67.188.44.66
Claudia,Bannon,Chicago,IL,60638,7733831814,cbannon@yahoo.com,205.248.214.156
Alphonso,Bonner,Pittsburgh,PA,15201,4129151766,alphonso.bonner@yahoo.com,192.148.168.122
James,Roberts,Ocala,FL,34472,3522743776,jimmysgreendodge@aol.com,159.209.177.178
khristy,jones,mcminnville,or,97128,5038839149,khristy_jones@yahoo.com,207.226.164.44
Lawrence,Hiles,Louisville,KY,40272,2703146839,lhiles@yahoo.com,194.117.107.49
Tracy,Williams,Orange,CA,92868,7149397504,tracyleefnmc@yahoo.com,209.90.94.216
richard,mellert,clark,nj,7066,9083093048,rmellert@tecknit.com,69.47.197.62
Heather,Carden,Galveston,IN,46932,5746996401,hcarden@msn.com,192.190.100.206
Annabel,Griffin,Cape girardeau,MO,63701,5733824528,griffin.annabel@yahoo.com,65.164.230.226
justin,warr,malad city,id,83252,3183054023,brandylou_21@yahoo.com,146.170.51.132
antoni,delikat,elmwood park,il,60707,7084527202,adelikat@aol.com,203.144.60.101
Terry,Holtsclaw,Dixon,MO,65459,5735288776,tclaw@yhti.net,209.222.138.53
Perosi,Perreira,Overland park,KS,66214,9135140758,pperreira@yahoo.com,192.150.87.188
Gary,Pundt,Tubac,CA,85646,5202758356,gary.pundt@yahoo.com,192.216.182.111
Brent,Deaton,West sacramento,CA,95691,9169038015,unclebobknows@yahoo.com,24.12.241.211
michael,kremin,oregon city,or,97045,5036579261,mikekremin@msn.com,67.188.131.85
Marva,Biggers,Shreveport,LA,71109,3185723651,aleskie143@yahoo.com,99.178.119.199
tara,stogner,tickfaw,la,70466,2252090960,tstogner@blackplanet.com,63.162.193.59
Anthony,Delcampo,Fountain Valley,CA,92708,7147194188,anthony.delcampo@att.net,216.152.44.175
Debra,Maggin,Tonawanda,NY,14150,9143253025,dmaggin@yahoo.com,192.169.64.234
Robert,Perry-jr,Alpharetta,GA,30022,7704759910,rperryjr@worldnet.att.net,64.254.39.73
Roger,Weldon,Holt,MI,48842,5176940179,hh3555@yahoo.com,205.236.51.83
Anthony,Slowinski,Austin,MN,55912,5074332534,aslowinski@yahoo.com,65.215.22.13
Gary,Kellogg,California,MD,20619,3015249468,aquade1@yahoo.com,206.26.198.239
Kim,Fox,Williston park,NY,11596,5166030309,kimf@wmconnect.com,24.168.16.152
Terry,Spence,Miami,FL,33183,3059877199,terry.spence@msn.com,192.52.231.152
Jay,Smith,Atlanta,GA,30316,6788513670,jay.smith@tds.net,65.65.186.184
oksana,vodychko,bayonne,nj,7002,2012590029,ovodychko@gmail.com,207.117.203.242
Kevin,Welch,Joplin,MO,64804,4174890024,aheadley@tds.net,209.93.98.218
Tom,Bundy,Brockport,PA,15823,8144491781,tom.bundy@msn.com,61.14.28.81
Greg,Hodge,West chicago,IL,60185,6302317767,ghodge@onebox.com,24.176.183.14
Robin,Searles,Cottage grove,MN,55016,5157079133,robin.searles@msn.com,213.200.97.2
Kevin,Guilbeaux,Opelousas,LA,70570,3373516099,kguilbeaux@yahoo.com,66.79.105.142
jeffrey,tomchik,mashpee,ma,2649,5084775615,jtomchik@pacbell.net,212.63.186.142
Gary,Sinnet,Carmel valley,CA,93924,8319704599,gsinnet@sbcglobal.net,24.9.51.217
Warren,Kahle,Woodbury,MN,55125,6129405105,warrenk@wi.rr.com,206.173.77.86
Patricia,Danielson,Lambertville,NJ,8530,6097093742,pdanielson@rochester.rr.com,129.99.144.248
cynthia,kear,nashville,tn,37215,6153080969,kearc@earthlink.net,72.32.47.143
Nancy,Dinuzzio,Plainview,NY,11803,5166393937,ndinuzzio@yahoo.com,98.228.165.145
ioanis,nikolaou,charlotte,nc,28278,7045834753,inikolaou@aol.com,161.198.209.79
Rufino,Olivares,Mission,TX,78572,9564544913,rufino.olivares@twcny.rr.com,204.79.237.234
Kelly,Leary,Hastings,NY,13076,3156767416,dragester_vc@yahoo.com,205.177.113.1
Maryanna,Fama,Rosedale,MD,21237,4433863528,mfama@tampabay.rr.com,144.215.71.57
Michael,Boshears,Tulsa,OK,74136,9184991835,michaelboshears@ymail.com,24.213.37.89
Thomas,Sadler,Lilbourn,MO,63862,5736201309,bluesadsack1234567@yahoo.com,72.32.107.92
Bernard,Jones,Bronx,NY,10460,3478796076,bernardj@sbcglobal.net,72.232.136.64
Henry,Butsch,Saint louis,MO,63112,3143611871,penquin116@yahoo.com,194.120.75.193
Ladara,Royal,Lynchburg,VA,24504,4342293420,ladara.royal@yahoo.com,209.87.100.156
John,Ciprian,Park ridge,IL,60068,8475672776,john.ciprian@yahoo.com,209.221.146.212
Alex,Mclendon,Altha,FL,32421,8507122802,alex.mclendon@comcast.net,24.113.255.91
Elaine,Bork,Paynesville,MN,56362,3202433200,elainbork@hotmail.com,157.139.149.139
Eda,Santos,Jersey city,NJ,7306,9739318584,eda.santos@yahoo.com,192.111.254.202
nikki,regan,mc leansville,nc,27301,3362547001,nikki.regan@yahoo.com,204.224.98.129
malcolm,steel,fort lauderdale,fl,33311,9545849191,msteel@altavista.com,61.14.2.51
cyndy,hepburn,grand junction,co,81503,9702454054,hgoldie2@aol.com,67.98.226.38
Barry,Thomas,Eldridge,IA,52748,5633431550,bthawks55@yahoo.com,204.89.251.141
William,Bowlin,Mason,OH,45040,5132955523,williebo2@verizon.net,65.188.143.239
Jessica,Thivener,Palm bay,FL,32907,3215572150,jessyohyeah@yahoo.com,209.18.95.3
Michael,Jankowski,Birmingham,AL,35242,4233166936,mjankowski1975@yahoo.com,195.112.191.54
jaimie,feldman,defuniak springs,fl,32433,3348583073,playboyspyno@yahoo.com,204.126.138.212
Winnie,Brown,Natchez,MS,39120,6016691262,winnieb@peoplepc.com,192.153.172.159
Pearl,Dunn,Little rock,AR,72223,5019442311,pearl.dunn@worldnet.att.net,205.248.225.213
Brian,Levy,Mequon,WI,53092,2627198519,brian.levy@sbcglobal.net,63.175.182.229
Montonia,Graves,Graham,NC,27253,3362275242,mgraves@usa.net,216.8.214.75
Rena,Morgan,Jackson,MS,39206,6013981381,rena_morgan61@netzero.com,195.112.184.11
Ellowese,Hicks,Suffolk,VA,23434,7576769365,ellowese.hicks@yahoo.com,196.27.22.31
Evelyn,Bangle,West palm beach,FL,33411,5617973770,ebangle@netzero.net,208.66.5.142
Ben,Lusca,Kimberling city,MO,65686,4175272813,bnlsc87@yahoo.com,199.103.80.237
Alan,Bock,Hatboro,PA,19040,2156722786,emmysdad1945@msn.com,209.93.173.217
Joseph,Maimone,Rutherfordton,NC,28139,8283612504,jmaimone@tjca.org,99.97.160.215
Christopher,La greca,Darien,CT,6820,2036560512,clagreca@yahoo.com,69.171.163.16
Catherine,Byrnes,Upland,CA,91786,9099816629,redkiltmaker1@yahoo.com,66.199.177.151
William,Puloka,Compton,CA,90222,3106314148,mele_crip@yahoo.com,63.110.195.206
doss,byrne,arlington,tx,76006,8172408816,acreeks@ameritrade.com,24.184.118.58
Katherine,Guthrie,Boydton,VA,23917,4342108895,forguthriek45@peoplepc.com,208.64.48.181
Michele,Blichfeldt,Westminster,CA,92684,3107299622,mblichfeldt@netzero.net,216.198.232.251
Chad,Nevius,York,PA,17403,7174401194,deviusone1@yahoo.com,206.49.120.74
David,Turrubiartes,Guadalupe,AZ,85283,4808394083,hyperistic88@yahoo.com,192.231.139.113
Clevie,Nelson,Mission,KS,66202,9139272041,clevie.nelson@peoplepc.com,216.184.29.164
carrie,lichwa,louisville,ky,40258,5022755715,clichwa@yahoo.com,195.112.184.99
lance,dominguez,grand rapids,mi,49508,6166349900,ldominguez@concentric.net,208.42.28.92
Miriam,Fernandez,Las vegas,NV,89120,7027438933,jicinsky@sprintmail.com,194.117.111.40
Ellis,Hampton,Cincinnati,OH,45224,5136153685,ellis.hampton@yahoo.com,192.173.9.116
Tabitha,Morris,Saint paul,IN,47272,8125913517,tmorris@msn.com,192.43.188.226
michael,croon,niles,il,60714,8476442086,mcroon@aol.com,98.212.146.138
Gail,Oliver,Glen allen,VA,23059,8046510896,desktoppub@peoplepc.com,69.90.103.30
Tony,Wallace,Mabelvale,AR,72103,5019444867,greenaspdog1@yahoo.com,72.32.109.190
Daniel,Hill,Fort worth,TX,76108,8177238987,daniel.hill@myway.com,192.42.70.114
Paris,Perkins,Baltimore,MD,21217,4104919611,parisop@hotmail.com,167.26.57.106
kierra,peeples,emporia,va,23847,4343481079,behnkela1@msn.com,12.41.149.188
Joanna,Dziok,Chicago,IL,60647,7739609393,jdziok@yahoo.com,74.137.66.22
Tatiana,Tansley,San francisco,CA,94124,4158124694,booielicous@yahoo.com,206.191.55.192
Matthew,Discawicz,Ludlow,MA,1056,4135891478,cheeto6969@yahoo.com,192.65.218.46
Charles,Hampton,Lutz,FL,33549,8139493129,ch1meg1@yahoo.com,64.136.27.229
John,Duni,Agawam,MA,1001,4133294321,jduni@yahoo.com,149.136.103.59
Matt,Michael,Church point,LA,70525,3376844137,ccluckym6@yahoo.com,194.117.102.20
Joan,Borstelman,Napoleon,OH,43545,4195925619,jborstelman@msn.com,74.69.76.194
bradford,connard,alpharetta,ga,30005,2293431343,bconnard@yahoo.com,074.236.254.150
Brad,Grosvenor,Oceanside,CA,92057,7602146064,bradg@rocketmail.com,192.67.44.223
Sean,Gallaher,Prospect,KY,40059,5027270022,sean.gallaher@netzero.net,64.211.62.44
fran,crochet,groves,tx,77619,4099621084,fcrochet@msn.com,209.106.175.28
Musuf,Lomo,Carmichael,CA,95608,9164878842,musuf_lomo@yahoo.com,65.15.201.55
Zulfikarali,Lalani,Alameda,CA,94501,5106844612,cilo0453@yahoo.com,192.149.1.214
Candice,Hunter,Philadelphia,PA,19140,2153248926,aaronhunter291@yahoo.com,206.159.125.96
Armando,Umbe,Chicago,IL,60626,7735191234,aumbe@yahoo.com,192.245.165.204
nick,ireland,putnam,ct,6260,8609332335,nireland@geocities.com,206.73.224.250
William,Steele,Houston,TX,77064,2814671927,saitran88@msn.com,216.139.145.54
Jill,Addison,Glendale heights,IL,60139,6304564825,jilladd78@yahoo.com,192.108.233.79
Cheryl,Shaughnessy,Saint louis,MO,63122,3147249515,cheryl.shaughnessy@netscape.net,192.83.235.238
Denae,Tubbs,Birmingham,AL,35235,2052497712,denae2@yahoo.com,66.170.14.66
Rondald,Novak,Lagrange,OH,44050,4405039690,escheuffler@qwest.net,192.153.195.227
vanessa,harvin,baltimore,md,21215,4103581414,vanessaharvin@msn.com,207.226.170.113
terri,bruscino,lansing,ks,66043,9137271492,tbruscino@excite.com,194.117.108.216
Lisa,Nguyen,San jose,CA,95161,4088138460,nnbiti@yahoo.com,216.234.134.186
charles,osborne,san francisco,ca,,4153625637,gqgdoskncva@yahoo.com,65.39.199.136
victor,campbell,wadsworth,oh,44281,3305244798,vcampbell@hotmail.com,208.1.71.27
piron,pascale,chicago,il,60640,7738788632,ppascale@netscape.net,67.158.177.33
colin,callahan,mchenry,il,60051,8153442916,colin.callahan@hotmail.com,198.61.90.214
Kimberly,Collyear,Rockwall,TX,75087,9727728559,kcollyear@yahoo.com,71.65.251.68
Manish,Manmohan,Crofton,MD,21114,4104511512,mmanmohan@yahoo.com,216.198.199.157
Janevra,Gunkel,Rochester,NY,14606,5854725472,janevra1@rochester.rr.com,192.147.232.15
corinne,pouncy,toledo,oh,43605,4196960222,tinkakacocoa@netscape.com,195.112.184.128
Stephanie,Riad,Cleveland,TN,37312,4235841967,sriad@yahoo.com,132.16.81.176
Angela,Zeisset,Saint charles,MO,63304,6362620145,angela.zeisset@yahoo.com,64.90.159.227
Esteban,Mendoza,Vancouver,WA,98665,3606066287,estebanm@msn.com,143.1.8.233
Ladonna,Mccray,Sioux falls,SD,57103,4052025768,ladonna.mccray@yahoo.com,216.14.220.35
Jose,Soto,Ponce,PR,716,7873102654,soto5family@yahoo.com,108.0.109.199
Joseph,Dejanovich,Hot springs,AR,71909,5013520001,jdejanovich@peoplepc.com,64.243.162.34
Dee,Davis,Meridian,ID,83646,2088676508,dee.davis@sbcglobal.net,173.74.254.144
Ilana,Cristofar,Studio city,CA,91604,8184169941,icristofar@yahoo.com,213.254.195.12
jose,day,richland,ms,39218,6012094576,jose.day@bellsouth.net,192.40.201.17
Judith,Logue,Waite park,MN,56387,3202038448,julogue@msn.com,194.117.101.145
Anthony,Matasso,Fort worth,TX,76131,8178470279,amatasso@sbcglobal.net,24.42.43.166
Thomas,Testa,Medina,OH,44256,3304665013,bimmert6@msn.com,212.63.178.105
Elizabeth,Indellicate,Highland,IL,62249,6187796176,eindellicate@yahoo.com,208.67.253.136
Victoria,Middlebrook,Orange,VA,22960,5406610073,vmiddlebrook@peoplepc.com,65.205.26.196
brian,craigue,plymouth,me,4969,2072572086,bcraigue@hotmail.com,64.106.154.131
Tiffany,Philyaw,Roxbury,MA,2119,6176694441,angelshyneek1@yahoo.com,71.42.191.163
fred,venor,rochester,ny,14626,5852356905,fvenor@comcast.net,24.161.154.216
olivia,villanuvea,san antonio,tx,78221,2109241128,ovillanuvea@aol.com,62.209.44.190
Frieda,Mcleod,San leandro,CA,94579,5103686580,aldamimi@yahoo.com,207.3.117.187
Jonathan,Rainey,Cleveland,TN,37312,4233228815,jonathan.rainey@yahoo.com,66.201.191.190
sara,gebreyesus,jacksonville,fl,32221,9047861619,sgebreyesus@sbcglobal.net,192.153.156.169
James,Corazzini,Torrance,CO,90505,3102924951,james.corazzini@netscape.net,72.34.215.179
Kao,Yang,Brooklyn park,MN,55429,7635660095,kelleyyang@yahoo.com,203.126.70.203
Dianne,Shrum,Austin,TX,78703,5124732916,ddshrum@yahoo.com,216.187.73.166
Louise,Baca,Albuquerque,NM,87120,5059805939,louise.baca@msn.com,195.112.185.7
Darla,Harris,Greenville,OH,45331,9375470582,darhar_1@netzero.com,141.254.106.253
Robbin,Walton,Fairview,OR,97024,5033288268,robbin_walton@yahoo.com,199.0.121.213
Ann,Pietrantoni,Omaha,NE,68105,4026519040,ann.pietrantoni@netscape.net,68.218.203.8
Donna,Volpi,Orland park,IL,60462,7086467627,dvolpi@yahoo.com,192.146.8.140
Gail,Hicks,West haven,CT,6516,2035200951,gail.hicks@msn.com,192.195.83.24
Shawna,Burgess,Columbus,OH,43207,6142958025,joseyshawna2007@yahoo.com,166.115.92.147
Belicia,Garcia,Bensenville,IL,60106,6303501064,belicia.garcia@yahoo.com,198.22.27.97
sprague,harold,mission viejo,ca,92691,9496366379,sprague.harold@aol.com,76.201.151.161
david,curole,cut off,la,70345,9856374051,david.curole@comcast.net,207.58.144.192
John,Little,High point,NC,27260,3368864808,redjonjon@yahoo.com,207.209.37.195
Gabriella,Denadai,Belmont,CA,94002,6507438416,gdenadai@pacbell.net,192.107.176.72
Angela,Bradley,Americus,GA,31709,2298462565,khandi36@yahoo.com,160.227.97.212
gordon,hoheimer,fairmount,in,46928,7659484568,ghoheimer@centurytel.net,202.161.128.231
Arthur,Osterlund,Minneapolis,MN,55406,6127222531,aosterlund@yahoo.com,195.112.185.154
Jeff,Wetter,Milwaukee,WI,53214,2623701322,jeff.wetter@yahoo.com,71.173.189.21
Nancy,Schaefer,Salmon,ID,83467,2087564813,kikasa1@yahoo.com,209.87.82.174
dave,opsitnick,sun city,ca,92585,9512460102,dopsitnick@cox.net,216.127.168.163
albeth,Canedy,Fatteville,NC,28314,9109205441,aaliyahcanedy@yahoo.com,206.128.210.224
Cassandra,Drakes,Dorchester,MA,2125,6175953673,cdrakes@yahoo.com,72.3.189.151
Kimberly,Skaggs,Centennial,CO,80015,7204274276,kimberly.skaggs@netscape.net,204.75.202.26
Jerrvon,Glinsey,Costa mesa,CA,92626,3104382322,jcgper1@yahoo.com,168.166.38.135
Anthony,Johnson,Bakersfield,CA,93307,6617357105,youngcasper69@yahoo.com,195.112.185.19
Peter,Lucarelli,Sarasota,FL,34234,9412280042,pete_mysticlodge@msn.com,192.30.251.21
Chast,Whalen,Lake city,FL,32024,9379037784,cwhalen355@yahoo.com,195.112.184.14
Sherri,Crump,Detroit,MI,48204,3136292367,sherri.crump@yahoo.com,71.35.97.40
Dwaine,Carter,Cedar park,TX,78613,5124266342,ambercarter2004@yahoo.com,209.90.206.111
Brad,Franklin,Bay point,CA,94565,9259631396,brad.franklin@msn.com,207.226.20.181
Patty,Burleson,North little rock,AR,72114,5018381250,patty.burleson@yahoo.com,213.255.228.10
ray,lewis,bethany,ok,73008,4054764609,ray.lewis@nc.rr.com,151.132.223.201
Billie,May,Galesburg,IL,61401,3092990636,bmay@nc.rr.com,195.112.174.1
Marjorie,Stonebruner,Loveland,CO,80538,9706693163,mstonebruner@yahoo.com,192.207.13.224
evelyn,burkhalter,greenville,al,36037,3346635762,evelyn.burkhalter@worldnet.att.net,207.241.164.141
Kinneth,Bell,Gallatin,TN,37066,6155132137,kenney_b2001@yahoo.com,72.3.152.8
Carl,Anderson,Santa barbara,CA,93121,8054522018,carl.anderson@netzero.net,12.25.76.213
Carolyn,Williams,Oroville,CA,95966,5303705037,cwilliams5103@yahoo.com,72.32.107.142
Johnnie,Broadenax,Detroit,MI,48238,3134151529,johnnie_0292@yahoo.com,206.188.16.73
Joseph,Zapata,San antonio,TX,78244,2106855031,jzapata8@yahoo.com,131.171.64.198
Scott,Wicht,Santa rosa,CA,95404,7074773723,swicht@msn.com,149.154.66.60
Valerie,Roberson,Newark,NJ,7112,9739234019,deneen0566@yahoo.com,216.251.133.199
Cathy,Cordes,Concord,CA,94521,9254970703,cathycordes@yahoo.com,212.63.186.192
Matthew,Plante,Panama city,FL,32401,8505565887,matthew.plante@yahoo.com,204.79.156.234
Robert,Bohn,N las vegas,NV,89031,7024196066,robert.bohn@yahoo.com,74.170.35.41
dea,atsatt,san jose,ca,95120,4082681711,datsatt@hotmail.com,69.13.205.45
bette,mertzlufft,wesley chapel,fl,33543,8137652711,bette.mertzlufft@yahoo.com,192.150.68.40
Taniqua,Nunnally,Cuthbert,GA,39840,2297323789,fjn_50@yahoo.com,206.224.134.62
Kujtim,Hoxha,Somerville,MA,2145,6176209524,adi.h@netzero.com,192.103.13.235
Rose,Sandelman,Morganville,NJ,7751,7325457210,rjsandelman@optonline.net,216.120.218.229
Marlon,Agustin,Honolulu,HI,96819,8085610100,aluk808@yahoo.com,205.177.113.30
Anita,Rice,Oracle,AZ,85623,5205101598,diamondr76@yahoo.com,207.163.144.13
Walter,Jeffers,Goodman,MO,64843,4173648060,trackingwaldo@yahoo.com,195.112.184.27
Donald,Weadley,Algonquin,IL,60102,7083721334,donald.weadley@gmail.com,216.7.176.89
Tyler,Sanderson,Owasso,OK,74055,5013191900,tywy7734@yahoo.com,192.135.44.214
Emilia,Wilson,Montgomry vlg,MD,20886,2404013435,emilia.wilson@yahoo.com,64.86.107.128
marcus,brown,detroit,mi,48221,3133541676,magnum7@comcast.net,195.112.185.49
Al,Mohamed,Oviedo,FL,32765,3214428286,al.mohamed@pacbell.net,64.116.234.26
charlotte,ward,tell city,in,47586,8125843717,charlotte.ward@earthlink.net,66.201.90.103
Valencia,Harvey,Oglethorpe,GA,31068,4782350598,sassygurl610@yahoo.com,64.183.77.59
Evelyn,Papciak,Bloomingdale,IL,60108,6302094260,evelyn.papciak@yahoo.com,64.86.142.107
Frances,Bell,Somerset,NJ,8873,7322083896,fbell@rocketmail.com,64.34.122.37
Theresa,Campbell,Roanoke,VA,24013,5405891723,terri5126@yahoo.com,132.194.105.149
Michael,Montas,Bronx,NY,10473,6463166827,mmontas@worldnet.att.net,72.32.153.104
Florence,Lathe,Newport,VT,5855,8026734650,flathe@yahoo.com,72.32.61.224
Ken,Tierney,Beaverton,OR,97008,5039147014,dspikibl1@yahoo.com,64.69.85.84
Denise,Brownell,Rockland,MA,2370,7817380624,dbrownell@worldnet.att.net,69.28.242.159
Jim,Clifford,Orleans,MI,48865,6168356741,chiefjim98@yahoo.com,170.166.15.187
Quality,Inc.,Punta gorda,FL,33951,9414562590,qualityi@yahoo.com,69.46.162.36
Mary,Parks,Eight mile,AL,36613,2517673761,vampierkitty13@yahoo.com,192.31.207.250
myrtle,baker,sumter,sc,29150,8038403020,myrtle.baker@aol.com,206.223.201.250
Lemmie,Nelson,Cooper city,FL,33328,8162581858,dadap1@yahoo.com,194.133.84.53
Dora,Garcia,Harlingen,TX,78552,9564533270,dg91912002@worldnet.att.net,209.204.2.204
sylvia,angel,knoxville,tn,37914,8656044561,sylvia.angel@ameritech.net,64.106.227.151
George,Gabor,Columbus,OH,43228,6147787517,george.gabor@yahoo.com,192.138.101.115
Kenneth,Ford,Florence,AZ,85232,5208683509,kwvsf087@yahoo.com,192.5.151.137
Jalissa,Poole,Westland,MI,48185,7342661664,jalissa_poole@yahoo.com,134.26.11.245
Emerson,Lilley,Belle vernon,PA,15012,2153131507,elilley@worldnet.att.net,12.196.54.164
Mark,Tully,Norfolk,MA,2056,5086319242,mark.tully@yahoo.com,192.160.30.42
Jake,Scene,Bronx,NY,10453,7183121313,jscene@yahoo.com,68.48.0.34
Sarah,Dinnel,Scottsbluff,NE,69361,3086412549,sdinnel@go.com,192.195.224.84
Donald,Sherman,Montgomery,TX,77356,9364336962,dsherman@worldnet.att.net,209.159.162.209
Rocio,Sanchez,Mountain house,CA,95391,5105663485,teacher_rocy@hotmail.com,173.50.2.135
jesus,rodriguez,aurora,il,60505,6302159872,jesus.rodriguez@earthlink.net,192.160.55.100
gary,mathie,tooele,ut,84074,4358307793,gmathie@aol.com,192.55.95.193
Keith,Greener,San diego,CA,92122,6197092090,greener232@yahoo.com,67.131.217.181
donald,cassling,northbrook,il,60062,8475640943,dcassling@msn.com,128.217.157.136
d,lorenzo,falmouth,ma,2540,5088131622,d.lorenzo@bellsouth.net,72.32.52.0
Ginger,Addy,Thibodaux,LA,70301,9852279781,g_addy@yahoo.com,66.100.13.128
Daniel,Febles,Denver,CO,80232,3035986163,link52785@yahoo.com,199.31.192.97
Amy,Martinez,Oklahoma city,OK,73159,4056043203,ladyb_bambi1@yahoo.com,212.63.188.15
Natan,Bertman,Boynton beach,FL,33472,5616936566,nbertman@yahoo.com,192.104.54.72
stephen,sayler,olathe,ks,66062,9135224468,stephen.sayler@att.net,198.51.141.57
Bob,Mittlestat,Rhinelander,WI,54501,7152826782,bmittlestat@worldnet.att.net,192.67.155.103
Shane,Price,Webster,TX,77598,8324869653,dragraceru@msn.com,192.149.74.175
Carol,Magras,Miami,FL,33131,3057751362,cmagras@yahoo.com,75.163.201.10
Gillian,Evans,Annandale,VA,22003,5712017611,gillianevans98@yahoo.com,208.242.206.51
Bruce,Bermann,Wauconda,IL,60084,8476503616,bbermann@yahoo.com,67.189.223.162
April,Smith,Memphis,TN,38122,9016433403,rpsleepyjr23@yahoo.com,200.41.91.172
Ken,Haug,Crystal lake,IL,60014,2246231365,ken.haug@verizon.net,173.28.121.189
Dale,Zucker,Chagrin falls,OH,44022,9375708271,dale.zucker@sbcglobal.net,69.171.160.175
ronald,deakin,kempner,tx,76539,5129322066,rdeakin@yahoo.com,213.137.168.243
Jerald,Hoover,Archie,MO,64725,8167979509,jerald.hoover@yahoo.com,66.199.131.203
oliver,kabua,honolulu,hi,96815,8087344284,okabua@ameritech.net,209.88.255.76
Ian,Groff,Garden city,MI,48135,7278651812,bigpimpn1277@yahoo.com,62.157.101.162
James,Witherspoon,Frederick,MD,21702,3013056939,phillyp72@yahoo.com,207.221.171.114
Deanna,Wheeler,Henrietta,MO,64036,8167396819,d_wheeler37@yahoo.com,192.42.59.222
Phillip,Moyer,Folsom,CA,95630,9164258928,phillip.moyer@usa.net,150.235.12.158
rachel,skouson,mason,mi,48854,5176761314,rskouson@aol.com,64.241.172.45
Ramiro,Rodriguez,Helotes,TX,78023,2108596892,ramiro.rodriguez@worldnet.att.net,156.80.245.78
latecia,williams,albuquerque,nm,87114,5058904810,latecia.williams@yahoo.com,192.223.62.37
Hosam,Elsayed,Columbus,OH,43223,6142748617,hosam@msn.com,192.103.6.19
John,Kapp,Clyde,OH,43410,4407857286,john.kapp@yahoo.com,64.241.4.111
James,Oxenrider,Wooster,OH,44691,3303456946,joxenrider@worldnet.att.net,199.186.164.241
Deanna,Osborn,Friday harbor,WA,98250,3604720754,deanna.osborn@msn.com,192.122.191.11
Evelyn,Sugiyama,Pasadena,CA,91107,6268333379,esugiyama@yahoo.com,216.81.64.56
Howard,Beige,Manhasset,NY,11030,5166061902,hbeige@yahoo.com,165.245.175.207
Irma,Guzman,El paso,TX,79928,9158528790,icguzman79907@yahoo.com,65.113.101.80
Gadiel,Ortiz,Orlando,FL,32828,4072816340,gortiz@snet.net,192.64.16.83
Teng,Yao,Reynoldsburg,OH,43068,6143141535,tyao@yahoo.com,12.174.53.162
Theo,Miller,Stephenville,TX,76401,8177898906,spidertb41@yahoo.com,192.156.211.241
Sean,Thomas,Monticello,AR,71655,8707239912,sean.thomas@insightbb.com,216.45.249.251
Melinda,Mccoy,Paden,OK,74860,4053803194,melinda.mccoy@netscape.net,205.136.239.98
Leroy,Greenlee,St petersburg,FL,33713,7277415441,leroy.greenlee@snet.net,144.42.64.74
Boris,Goritchan,Duluth,MN,55805,2187660652,borisg@msn.com,209.28.183.219
Joseph,Zolnowski,Ringoes,NJ,8551,9085912591,joseph.zolnowski@worldnet.att.net,65.61.191.202
Teresa,Contreras,Hewitt,TX,76643,8172297552,tdean57@yahoo.com,158.224.196.6
Kelly,Boop,Brockport,NY,14420,5859646495,soccerstar2156@yahoo.com,198.49.81.133
Tyasia,Edwards,Chicago,IL,60620,7733749838,tyasia.edwards@yahoo.com,158.224.46.124
Arnold,Davenport,Leonia,NJ,7605,2016764676,couchclubdeluxe@yahoo.com,134.215.199.126
Vanessa,Lindquist,Quitman,GA,31643,2296050151,vanessallindquist@yahoo.com,216.194.249.169
sandy,laogan,hartford,ia,50118,5159719154,slaogan@att.net,174.27.28.122
Louella,Rogers,Yorba linda,CA,92887,7142727121,louella.rogers@onebox.com,192.152.11.254
Rosanne,Mercado,Camden,NJ,8102,8562201803,rosanne.mercado@msn.com,63.250.178.239
Michelle,Lewis,Cleveland,OH,44105,2165840150,mdlnewhomesnmore@yahoo.com,69.19.185.233
Nicci,Costin,Absecon,TX,76051,8178465781,iiyoshianshade_89@yahoo.com,75.179.5.98
john,easley,san antonio,tx,78227,2102406411,jeasley@fuse.net,159.85.155.8
Dominique,Fowlks,Baltimore,MD,21215,4103671314,domi2o04@yahoo.com,192.135.138.110
denise,payne,oklahoma city,ok,73117,4052016769,jdenisepayne@yahoo.com,205.248.236.234
zannie,krys,denver,co,80219,3039341461,zkrys@msn.com,4.231.134.8
Eduardo,Carrillo,Santa ana,CA,92701,7145807727,eduardo.carrillo@yahoo.com,152.117.16.132
Robert,Falstad,Georgetown,TX,78626,5128649696,rfalstad@yahoo.com,212.63.186.80
Lynda,Lemaster,Snellville,GA,30039,7703809424,lynda.lemaster@yahoo.com,144.192.157.243
Richard,Adrio,Louisville,KY,40207,5024392843,radrio@yahoo.com,155.195.228.100
Andrea,Johnson,Hazelwood,MO,63042,3146103518,andrea.johnson6@netscape.net,146.148.228.42
Wendy,Mcintosh,Dumfries,VA,22026,7038640100,wendy.mcintosh@yahoo.com,192.146.254.1
Christopher,Myers,Phoenix,AZ,85051,6234769771,cmyers1727@yahoo.com,72.32.150.12
Jesus,Chavira,San antonio,TX,78207,2102752976,jesusc8@optonline.net,63.145.117.123
Virginia,Darling,Boise,ID,83705,2083423668,abner200475@yahoo.com,205.234.217.185
Terry,Dean,Lauderdale,MS,39335,6019345617,terry.dean@excite.com,192.150.128.176
Jenifer,Loesch,Philadelphia,PA,19104,2158688688,chubjlo@yahoo.com,155.20.4.179
Janet,Roberts,Memphis,TN,38104,9018322058,janet.roberts@pacbell.net,209.46.102.164
Mary,Keisling,Sparta,TN,38583,9318019077,mary.keisling@yahoo.com,207.69.139.9
Rafael,Jan,Yuma,CA,85364,9285391937,rjan@peoplepc.com,68.202.2.254
Christine,Shimkoski,Cleveland,OH,44111,2164068222,afedrowiz@yahoo.com,161.32.251.179
Joshua,Cleveland,Wolcottville,IN,46795,2603362998,joshua.cleveland@gmail.com,199.85.127.127
Katherine,Vogt,Irvine,CA,92612,7142736579,katherine.vogt@netscape.net,206.236.94.2
sarah,norton,norman,ok,73072,5592818728,sarah.norton@bellsouth.net,66.231.101.170
Carolyn,Cathey,Cookeville,TN,38506,9316297728,carolyncathey@yahoo.com,192.65.247.228
Heather,Carrillo,Jacksonville,FL,32246,9044448668,carrillo_heather@yahoo.com,12.169.35.82
Paul,Peters,West chester,OH,45069,5133495567,paul.peters@yahoo.com,194.117.123.153
Dana,Daniel,Bend,OR,97701,7202128126,dana.daniel@msn.com,24.60.69.82
Stephen,Noble,Richmond,MO,64085,8168101259,stephen.noble@msn.com,212.63.186.76
Cheryl,Rimmer,West palm bch,FL,33411,5613528032,crimmer@wmconnect.com,66.231.239.90
Ellen,Szakal,Mill valley,CA,94941,4156014285,ellen.szakal@yahoo.com,216.187.73.124
Thomas,Kunz,Hazel park,MI,48030,2483184903,thomas.kunz@yahoo.com,192.108.231.114
Emanuel g.,Haynes,Crowley,TX,76036,8179943295,emanuel.haynes@sbcglobal.net,64.240.69.61
Maradona,Chery,Pompano beach,FL,33060,7543266766,maradona.chery@yahoo.com,217.115.2.8
Kenneth,Gray,Lima,OH,45805,4192242388,midnight_rose@msn.com,64.122.57.202
Weihsin,Chiang,Indianapolis,IN,46202,3175296921,wchiang@netzero.net,192.55.240.238
Mondell,Toles,Suitland,MD,20746,2022805075,senisat@verizon.net,24.231.216.22
Stephen,Andersen,Lindenhurst,NY,11757,6313340421,bleueiz25@yahoo.com,192.16.182.65
Thomas,Marchetti,Saint louis,MO,63138,3143550044,alpha@webtv.com,64.117.131.97
Taylisha,Logan,Roanoke,VA,24017,5407938426,taylisha.logan@yahoo.com,206.15.109.212
J,King,Orlando,FL,32835,4079487769,j.king@gateway.net,69.90.203.225
jo,mitchell,clear spring,md,21722,3018422255,jo1m852@aol.com,204.124.101.124
Brian,Yeary,Gilbert,AZ,85234,4808920557,byeary@yahoo.com,66.163.247.131
David,C. rodriguez,Tampa,FL,33604,8137399700,david_rodriguez640@yahoo.com,194.117.102.15
Ashanti,Covington,High point,NC,27265,3368042045,acovington@pacbell.net,141.177.14.148
Siuman,Leung,Cupertino,CA,95014,4084257950,siuman.leung@msn.com,72.32.50.218
Elizabeth,Birmingham,Wauconda,IL,60084,8476503810,elizabeth.birmingham@msn.com,64.188.199.225
Bryant,Shannon,Los angeles,CA,90016,3234853309,theshannon@msn.com,143.67.193.29
Jordan,Mcvay,Mooresville,NC,28117,7047286117,jordan.mcvay@yahoo.com,194.117.113.24
henry  a,funes,long beach,ca,90805,3108631775,henryfune006@hotmail.com,216.15.227.231
George,Villareal,Ruskin,FL,33570,8137160816,george.villareal@yahoo.com,204.11.90.123
Rasheedah,Englemon,Covington,KY,41011,8592613995,tajirah1213@yahoo.com,192.135.144.61
Wendy,Cygan,Rancho cucamonga,CA,91739,5622432225,wcygan@usa.net,69.90.100.241
Desry,Skerrett,Dorchester,MA,2125,6174177630,dskerrett@yahoo.com,205.138.8.125
Lora,Gay,Tifton,GA,31793,2293922740,donnielora@yahoo.com,192.188.93.202
Mike,Benedict,Palestine,TX,75801,9037232827,mrmike_96@yahoo.com,208.54.222.3
Maurice,Gore,Muncie,IN,47305,7652156020,mrc_gore@yahoo.com,204.50.150.29
Minh,Banh,Clinton,WI,53525,6083209371,minh.banh@msn.com,65.170.193.2
cathleen,barclay,phoenix,az,85015,6023491407,cbarclay@yahoo.com,69.62.68.69
Nimia,Fitzpatrick,Scarborough,ME,4074,5162876591,glopezfitz@yahoo.com,64.69.74.55
Ray,Boyer,Wintersville,OH,43953,7406326506,ray.boyer@yahoo.com,192.31.28.253
Brent,Shelton,Birmingham,AL,35216,3343809431,brent.shelton@yahoo.com,72.32.107.239
jorge,gonzalez,clinton,nj,8809,9086726683,jorgeg4@excite.com,209.176.68.106
Gary,Hedges,Antioch,TN,37013,6152930964,gary.hedges@yahoo.com,12.162.234.189
henry,slide,winston salem,nc,27103,3362013917,hslide@excite.com,194.117.97.142
Jean,Personis,Southborough,MA,1772,5085661625,jpersonis@yahoo.com,216.236.42.227
Linda,Wolfe,Mansfield,OH,44903,4196319102,cookie7394@yahoo.com,69.13.132.147
Michael,Parente,Pensacola,FL,32514,8506020223,polobriefs_13@yahoo.com,192.206.22.67
Pavlina,Ivezaj,Milford,MI,48381,4026506107,ivezajrocks@yahoo.com,69.90.89.156
wilma,brodie,hale,mi,48739,9897286323,wbrodie@knology.net,70.151.137.130
Irene,Cordero,Redwood city,CA,94062,6505561450,icfam@comcast.net,65.39.172.171
Lowell,Senechal,Carver,MN,55315,9523341202,lsenechal@yahoo.com,74.2.250.66
Gerald,Maskill,Roseville,MI,48066,5865965442,gmaskill@aol.com,207.117.123.19
Patricia,Mullins,Bronx,NY,10466,9172399366,patricia.mullins@yahoo.com,72.23.42.173
Kathleen,Paulsen,Getzville,NY,14068,7164714051,kathleen.paulsen@netscape.net,74.128.160.233
Becky,Scott,Yakima,WA,98908,5099616726,becky.scott@yahoo.com,192.42.139.6
Edward,Steffen,Atwater,CA,95301,2099869297,edward.steffen@yahoo.com,71.186.96.229
anthony,vicidomini,newark,nj,7105,9084141185,avicidomini@aol.com,192.94.121.124
tony,carton,colorado springs,co,80923,7196607527,tcarton@msn.com,206.191.47.27
Kimberlee,Townsend,Orangeburg,SC,29115,7068343475,kim_davis51@yahoo.com,69.181.224.158
Laura,Seigle,Louisville,KY,40220,5024394014,lseigle@yahoo.com,24.60.142.26
Suryo,Haridadi,Northridge,CA,91325,8189934776,pujangga69@yahoo.com,167.135.201.74
Jacob,Baker,Portland,OR,97214,5039331092,baker00279@yahoo.com,208.253.73.186
Polly,Gifford,Reno,NV,89511,7757227631,arenogal@yahoo.com,192.101.30.18
David,Lung,Las vegas,NV,89135,7029944753,lvhousehunter2006@yahoo.com,72.3.161.190
Brenda,Benninghoff,Sandy ridge,PA,16677,8143427546,boatoad@yahoo.com,160.91.123.104
William,Cuttill,Decatur,IL,62522,2178272324,wcuttill@worldnet.att.net,204.51.78.11
Karen,Langshaw,Bend,OR,97701,5413830579,klangshaw@yahoo.com,192.86.128.218
James,Calhoun,Fort smith,AR,72901,4794148531,jcalhoun5@yahoo.com,70.220.184.82
Sandra,Cope,Brooklyn center,MN,55444,6128393639,jennybrave1@rochester.rr.com,207.18.159.251
bradley,hausmann,smyrna,tn,37167,6154760778,bhausmann@aol.com,66.96.236.28
Brenda,Townsend,San diego,CA,92129,8586636824,italblt@yahoo.com,24.143.137.203
sean,meehan,marietta,ga,30067,7707158186,sean.meehan@bellsouth.net,173.115.255.41
mayra,vazquez,hialeah,fl,33015,3058272136,mayvaz@bellsouth.net,82.206.232.222
Dawndavid,Powell,Memphis,TN,38111,9015523874,dtp_thunder_graphics@yahoo.com,65.200.219.137
Martrullus,Willingham,Tampa,FL,33647,8136799286,mwillingham@netzero.net,71.240.255.141
Cindy,Taylor,Houston,TX,77062,7138744180,ctaylor@gulfexinc.com,66.103.151.241
Ja,Lagraves,Mesa,AZ,85208,6025180534,seattle_dream2004@yahoo.com,199.103.122.166
Thomas,Croston,Doswell,VA,23047,8045868068,tcroston@msn.com,64.69.85.204
Irwin,Brandfon,Boynton beach,FL,33437,5617154736,ibrandfon@yahoo.com,72.32.132.173
Michael,Davis,Winter haven,FL,33880,9789967699,changsta_bboy_4life@yahoo.com,65.39.179.171
Craig,Williams,Kansas city,MO,64111,8167398186,cwilliams7053@kc.rr.com,74.47.247.30
Mark,Siesen,Stoughton,WI,53589,6085749393,msiesen@verizon.net,69.13.131.87
Lena,Vasquez,Little canada,MN,55127,6515287021,lvasquez930@yahoo.com,192.52.233.234
Lee,Malina,Big rapids,MI,49307,2317963457,leemal01@yahoo.com,72.0.139.222
linda,bates,phoenix,az,85009,6023884659,lindab7@aol.com,195.112.185.205
Phyllis,Duck,Ada,OK,74820,5804219646,pduck@yahoo.com,192.160.191.253
edmond,withkowski,rensselaer,ny,12144,5184695176,ewithkowski@gmail.com,209.8.238.53
Barbara,Verdung,Wellington,FL,33414,5613716675,bverdung@msn.com,164.109.96.185
Wendell,Reid,Crystal river,FL,34429,3529782213,dmattinly@yahoo.com,192.67.57.197
Sonya,Bryant,Clanton,AL,35045,2054120530,sonya.bryant@worldnet.att.net,209.140.75.4
Hakam,Parol,Haim,DC,83417,4868461100,oaktil2@yahoo.com,209.93.52.242
Kathleen,King,Savannah,GA,31419,9123062625,kgking@southernco.com,212.63.189.90
Caroline,Nunnery,Bartlett,IL,60103,6307793121,caroline.nunnery@netzero.net,69.21.146.249
Hicks,Matthew,Enumclaw,WA,98022,3608025171,hmatthew@peoplepc.com,64.31.72.240
Cynthia,Gibson,Chester,SC,29706,8035810000,chink@truvista.net,192.86.162.112
Danielle,Degroat,Rochester,NY,14606,5857389411,danielle.degroat@yahoo.com,206.73.97.96
Timothy,Denehy,Norwood,MA,2062,7817891920,tdenehy@yahoo.com,67.15.98.166
Ronald,Ette,Saginaw,MI,48602,9896709510,jfarkas2009@yahoo.com,71.142.198.16
Kalyn,Swain,Columbus,GA,31907,7065938849,mtjkswain@aol.com,65.39.205.92
Monique,Higginbotham,Scott,LA,70583,3376584822,akasilkym@yahoo.com,208.169.36.86
Tammy,Lawson,Edgewater,FL,32132,3868476726,excop93@yahoo.com,209.93.87.133
dean,peasley,seeley lake,mt,59868,4064990303,dpeasley@aol.com,69.90.203.3
Allen,Hamid,Dearborn,MI,48126,3135815852,allenjh@netzero.net,149.53.173.51
Michael,Anello,Hackensack,NJ,7601,2017415423,2carla@optonline.net,69.13.74.251
Robert,Gomer,Massapequa,NY,11758,5164774745,owen57@optonline.net,134.186.56.204
Robert,Armstrong,Fayetteville,AR,72703,4794626808,rarmstrong@ptd.net,72.32.161.243
gregory,petrovets,syracuse,ny,13204,3157277185,gpetrovets@aol.com,63.150.139.2
Inger,Giuffrida,Washington,FL,20010,2024897843,igiuffrida@yahoo.com,72.32.100.6
Bryce,Bernal,Redondo beach,CA,90278,3103706101,brycezbernal@yahoo.com,66.197.143.136
Warren,Ellis,Hillsborough,NC,27278,9193027671,cellis2@nc.rr.com,72.81.194.102
Jay,Lang,Bauxite,AR,72011,5015579808,smoky691@yahoo.com,139.78.104.193
christina,hickman,Acworth,tx,79603,3258646843,chrys_05@hotmail.com,38.98.16.199
Anna,Levitov,Philadelphia,PA,19103,2156511266,alevitov@rediffmail.com,159.215.178.99
Bruce,Buck,Schofield,WI,54476,7155743028,sherriff_badass@yahoo.com,138.123.109.198
Timothy,Raspante,Hickory flat,MS,38633,6628325805,traspante@yahoo.com,216.22.73.236
Earick,Kreeger,Omaha,NE,68107,4026810408,ekreeger@yahoo.com,67.154.21.15
Bromberg,Rebekah,Saint peters,MO,63376,6362440200,brebekah@yahoo.com,192.153.23.65
Jeannette,Santiago,Jacksonville,FL,32210,9042360736,jsantiago@optonline.net,192.77.6.202
Ronnie,Raby,Fayetteville,TN,37334,9313084115,bulldog@tnns.net,206.188.13.2
Patty,Maynor,Johnston city,IL,62951,6189226608,daddiesbabies1998@yahoo.com,69.20.103.7
Todd,Berlinger,Twin falls,ID,83301,2086600991,cwunch@sbcglobal.net,75.23.152.200
Loretta,Jones,Flora,IL,62839,6186628438,lorettajones@wabash.net,203.22.204.184
mike,samusick,fullerton,ca,92831,7143965284,msamusick@juno.com,204.79.164.134
Bruce,Stair,Frederick,MD,21703,3016201122,bruce_stair@yahoo.com,213.254.229.47
Jeremy,Alcorn,Liberty,IN,47353,7654585723,jalcorn@msn.com,132.170.82.92
Josh,Dobbs,Norman,OK,73072,4052039085,joshd2@verizon.net,192.250.2.198
allan,gokan,honolulu,hi,96818,8088392041,agokan@yahoo.com,63.245.44.153
glenn,orr,lisbon,oh,44432,3304247929,tonscotty@yahoo.com,192.152.123.45
Tony,Herrera,Henderson,NV,89015,7023750546,tony.herrera@yahoo.com,194.117.107.102
James,Troedel,West bend,WI,53095,2627701108,james.troedel@yahoo.com,192.83.120.75
angel,davila,dickinson,tx,77539,2813379099,davilaja@bp.com,207.181.205.102
Dale,Mouther,Morganville,NJ,7751,7326870897,dale.mouther@yahoo.com,64.242.134.152
Christa,Pickel,Portland,OR,97212,5037842481,cpickel@sbcglobal.net,129.86.59.76
Karen,Williams,Las vegas,NV,89136,7024525612,kw1023@msn.com,66.163.26.148
C,Nutter,Williston,VT,5495,8028788974,conjimnutter2@netzero.net,192.67.42.204
Lupe,Oviedo,Tucson,AZ,85713,5209779045,loviedo@yahoo.com,76.5.70.215
Shawn,Watters,Washington,NC,27889,2529448449,wattersketch@yahoo.com,216.91.148.57
zane,tibbets,casa grande,az,85294,5204212589,ztibbets@ibm.net,134.254.154.32
Paul,Cunningham,Columbus,OH,43219,6149059237,faithlite123@yahoo.com,192.149.226.12
James,Rockenbaugh,Patterson,LA,70392,9858598098,jrockenbaugh@yahoo.com,66.79.106.61
